train_condition,test_condition,videos,frames_total,mean_video_accuracy,std_video_accuracy,mean_video_precision,mean_video_recall,mean_video_f1,mean_video_jaccard,phase_prec_Preparation,phase_rec_Preparation,phase_f1_Preparation,phase_jac_Preparation,phase_prec_CalotTriangleDissection,phase_rec_CalotTriangleDissection,phase_f1_CalotTriangleDissection,phase_jac_CalotTriangleDissection,phase_prec_ClippingCutting,phase_rec_ClippingCutting,phase_f1_ClippingCutting,phase_jac_ClippingCutting,phase_prec_GallbladderDissection,phase_rec_GallbladderDissection,phase_f1_GallbladderDissection,phase_jac_GallbladderDissection,phase_prec_GallbladderPackaging,phase_rec_GallbladderPackaging,phase_f1_GallbladderPackaging,phase_jac_GallbladderPackaging,phase_prec_CleaningCoagulation,phase_rec_CleaningCoagulation,phase_f1_CleaningCoagulation,phase_jac_CleaningCoagulation,phase_prec_GallbladderRetraction,phase_rec_GallbladderRetraction,phase_f1_GallbladderRetraction,phase_jac_GallbladderRetraction
Original,Original,32,76757,0.8675860041138326,0.0853283739571089,0.8323098383117755,0.8164910512535657,0.7965019791595958,0.7020530871674466,0.9788786482334869,0.7144058295964125,0.8259883344134802,0.7035605851504279,0.944653371320038,0.8223001124264269,0.8792405466084467,0.7845042430360579,0.7012276045122761,0.7755963302752293,0.7365394668060637,0.5829540752999586,0.8337024360781156,0.9274702303184142,0.8780901556784648,0.7826744369191999,0.7377801782338644,0.9058355437665783,0.8132162524185147,0.6852269877100576,0.7349958437240233,0.8464484013019338,0.7867948033457911,0.6485257444623734,0.8359649122807018,0.7719724584852167,0.802695304274584,0.6704185719310587
Original,CRF18,32,76757,0.8636215150070008,0.07449326899251095,0.835128847875781,0.7621247151739229,0.7576352386536956,0.6545258440051197,0.995334370139969,0.5381165919282511,0.698562852464981,0.5367626502655857,0.8705722929534855,0.9134647179419351,0.8915028883080002,0.8042446650557512,0.7676687238701971,0.7075229357798165,0.7363697125942901,0.5827414236058637,0.8840612764663398,0.8681548396730001,0.8760358595751093,0.7794162002748082,0.6666666666666666,0.8673740053050398,0.7538904899135448,0.6049953746530989,0.7380394780863165,0.8447252536856212,0.7877868047495759,0.6498747974664899,0.9028969957081545,0.6816524908869988,0.776828986845142,0.6350943396226415
Original,CRF23,32,76757,0.8681903650996052,0.061910726740420446,0.8268922757122135,0.765949176369356,0.759856551370573,0.6605010574205956,0.9800697558545092,0.5512892376681614,0.7056502242152466,0.5451773835920177,0.8854743271616721,0.9203756365319754,0.9025877164537259,0.8224691212103303,0.7998411437648928,0.7390825688073395,0.7682624451649819,0.6237225147104367,0.8679981048872043,0.889058942103102,0.8784023013941137,0.7831705632830226,0.739251814628699,0.8779840848806366,0.802667474992422,0.670379746835443,0.7482095740670939,0.7600995596400536,0.7541077025358534,0.6052751943893886,0.8975934459805428,0.7100040502227623,0.7928539122568974,0.6568002997377295
Original,CRF28,32,76757,0.8779841803647679,0.07099100627405622,0.8364679718262593,0.7888810805897568,0.780662110401661,0.6847712670026611,0.9658222758343386,0.6732062780269058,0.7933938893476465,0.6575417465097181,0.9013538401886976,0.9224257654917003,0.9117680704678793,0.8378435200480553,0.8528138528138528,0.6506422018348624,0.7381348875936721,0.5849554602441438,0.8770953783498782,0.9004068834223002,0.8885982685577455,0.7995293181742849,0.6851898415891375,0.9035145888594165,0.7793507793507793,0.6384723523898782,0.7767633369137128,0.8307486119088646,0.8028494772874456,0.6706336939721793,0.8680323963792282,0.7379505872823006,0.797723292469352,0.663510560815732
Original,CRF35,32,76757,0.8590997812147249,0.07392221392412283,0.827406548918696,0.7674707675927114,0.7594685449138087,0.6559872334163015,0.990999099909991,0.617152466367713,0.7606217616580311,0.6137123745819398,0.8767237242041274,0.9060908670061504,0.8911654227035466,0.803695556533216,0.7881804702393561,0.6827522935779816,0.7316881329269492,0.5768992248062016,0.8602809324566647,0.859606554929262,0.8599436114793585,0.7542991909332111,0.6768831168831169,0.8640583554376657,0.7591028255170404,0.611737089201878,0.7215317433658045,0.8225157955198162,0.7687214816140289,0.6243278593227729,0.8681429290387519,0.6986634264884569,0.7742369838420109,0.631636763090443
Original,CRF51,32,76757,0.8131974939294357,0.08596422780556841,0.7740600366597328,0.6777336836706876,0.6722040925601983,0.564244751406874,0.9626604434072346,0.4624439461883408,0.6247633472169632,0.45429515418502203,0.8384837635826895,0.8828450499305601,0.8600927775272212,0.754528755122227,0.7811009969657564,0.33064220183486237,0.4646126079669975,0.3026028547439127,0.7925461969686484,0.8549404606368286,0.8225618187368686,0.6986029770619815,0.6596800882515168,0.7931034482758621,0.720264980427582,0.5628235294117647,0.6590770171149144,0.8257706299061842,0.7330670519248745,0.578615508451838,0.8707557502738226,0.6439854191980559,0.740395809080326,0.5878003696857671
CRF18,Original,32,76757,0.8416452631842237,0.10836462047556329,0.8208766210350296,0.8065208473775233,0.786165428696064,0.6892009078143179,0.97003367003367,0.8074551569506726,0.8813092688895685,0.7878042111019962,0.96260493513101,0.7507439984128034,0.8435758341383667,0.7294692198946151,0.7434535799304157,0.744954128440367,0.7442030977912198,0.5926142169026419,0.7667408030776629,0.9522938519541603,0.8495030052779673,0.7383791606367583,0.74817023583627,0.9151193633952255,0.8232662192393736,0.6996197718631179,0.766939687267312,0.7888186865785947,0.7777253421425201,0.6362934362934363,0.777731616119651,0.7582017010935601,0.7678424938474158,0.6231691078561917
CRF18,CRF18,32,76757,0.8755481610610749,0.07563104510944531,0.8274773899338181,0.8257571798423636,0.800027680532018,0.7060389607917339,0.9770236832803111,0.7746636771300448,0.8641550726903237,0.760803743462703,0.9571887398450784,0.8376430130282388,0.8934346729680638,0.807394422310757,0.7064085881587508,0.7968807339449542,0.7489222279703397,0.5986216402481047,0.8526438836553668,0.9257531076187988,0.8876957494407158,0.7980691874497184,0.737489516354487,0.8746684350132626,0.8002426816320339,0.6670037926675095,0.7311776061776062,0.8701895462377943,0.7946498819826908,0.6592689295039165,0.7639573070607554,0.7537464560550831,0.7588175331294597,0.6113666228646518
CRF18,CRF23,32,76757,0.8658297737665752,0.08719401281115519,0.831677988621593,0.7966004580899131,0.7830198332268609,0.6873390431449885,0.9818683484430429,0.6981502242152466,0.816052416052416,0.6892639734366353,0.9516429249762584,0.8283843661133523,0.8857461063871163,0.7949230525146755,0.7676675210545588,0.7693577981651376,0.7685117302052786,0.6240511980949546,0.8096550839851263,0.942849677106275,0.8711908252134173,0.7717786537110032,0.7361633530360021,0.9084880636604774,0.8132977144553278,0.6853426713356678,0.7581687612208259,0.8085391537430595,0.7825442416380989,0.6427701674277017,0.897172236503856,0.7067638720129608,0.790666062528319,0.6538029224428625
CRF18,CRF28,32,76757,0.8770179759896898,0.07813253698938663,0.8426647746071857,0.809957829939725,0.7994629738161942,0.7054652568280705,0.9480181936322287,0.8178251121076233,0.8781221787541379,0.782725321888412,0.9553173462997753,0.857549103895245,0.9037968948753244,0.824479415037355,0.8441376082377721,0.6618348623853211,0.7419520724056361,0.5897645519947678,0.8201177341010711,0.9516965918847288,0.8810214942290414,0.7873444303758377,0.752,0.9038461538461539,0.8209606986899562,0.6962962962962963,0.7689636263937123,0.8054757802029485,0.7867963343931177,0.6485278248805303,0.8535645472061657,0.7176994734710409,0.7797579757975798,0.6390191128741435
CRF18,CRF35,32,76757,0.8690972922300662,0.07888628977474055,0.8256916518654035,0.7997890532414124,0.7846605272154195,0.6894539385618925,0.9873511904761905,0.7438340807174888,0.84846547314578,0.7368128817323709,0.959824995244436,0.8342371536274056,0.8926353777840678,0.8060898459965493,0.8052057094878253,0.7038532110091743,0.7511259056197377,0.601442458450925,0.8004716981132075,0.9502034417111501,0.8689344416187339,0.7682440997163035,0.7479652740097666,0.9141246684350133,0.8227394807520143,0.6988593155893537,0.7683990895295902,0.7756078881868658,0.7719866603144354,0.6286468032278089,0.7975243147656941,0.7306601863102471,0.7626294652293384,0.6163307140416809
CRF18,CRF51,32,76757,0.7861929343561227,0.13261167917106748,0.7704496712345326,0.6925207487067355,0.6813157969637785,0.5714076333324963,0.9680601221230625,0.5776345291479821,0.7235387045813586,0.5668316831683168,0.888294391624004,0.7630778387672773,0.8209387951121467,0.6962647839729664,0.7483697736862294,0.3579816513761468,0.4842993670100534,0.31952178185391417,0.6985456527351481,0.9090298256747172,0.7900081103000811,0.6529036409458953,0.6806792873051225,0.8106763925729443,0.7400121065375304,0.58731683881816,0.7052204390333887,0.7319548152402834,0.7183389703119127,0.5604750036651517,0.772140221402214,0.6780072904009721,0.7220185464740134,0.5649679379007763
CRF23,Original,32,76757,0.8628727154716481,0.08743408148813063,0.8332972151700528,0.8096666675124073,0.7933458313792445,0.6979105031758372,0.9808773903262092,0.7331838565022422,0.8391339214113873,0.7228516164686377,0.9545855886982226,0.8222339792341776,0.8834804853351335,0.7912808273667462,0.7727272727272727,0.7111926605504587,0.7406841200076438,0.5881638846737481,0.8130386883546108,0.9366531038859234,0.8704792631524172,0.7706624896342025,0.7791944363952478,0.89157824933687,0.8316066182155559,0.7117522498676548,0.7245567957977675,0.8451081753781352,0.7802032699955811,0.6396174467468483,0.7465648854961832,0.7922235722964763,0.7687168402436627,0.6243217363549314
CRF23,CRF18,32,76757,0.8770840371958675,0.06655512566369792,0.8404700259634776,0.7889834142849063,0.7818299216193689,0.6836913782789698,0.9922647185217017,0.6471412556053812,0.783375742154368,0.6438929168990518,0.908946742434254,0.9097281925798558,0.9093372996198976,0.8337474998484756,0.809902339314104,0.6543119266055046,0.7238404546838526,0.5672021631938922,0.8787227845336052,0.9009294859830528,0.8896875863975671,0.8012948207171314,0.7290903970712476,0.85842175066313,0.7884878940155323,0.6508295625942685,0.7048525798525799,0.8788052843193567,0.7822752449936089,0.642407277816655,0.8201793721973094,0.7407857432158769,0.7784635028729517,0.6372822299651568
CRF23,CRF23,32,76757,0.8875768178285289,0.0626818013737987,0.8406262330285172,0.8258740019573454,0.8095104805070369,0.7171691174072602,0.9824497257769652,0.7530829596412556,0.8526098683166745,0.7430862831858407,0.9456304553580818,0.892004497057073,0.9180350184621143,0.8484886610260121,0.7718603814321698,0.7871559633027523,0.7794331395348837,0.6385829115808276,0.871930514351074,0.9105976333569749,0.8908446846583646,0.8031739760305544,0.7637818612922347,0.8544429708222812,0.8065727699530516,0.6758457907159717,0.7090540751129811,0.871146850469079,0.781786941580756,0.6417489421720733,0.8566159520516367,0.7525313892264075,0.8012074169900819,0.6683453237410072
CRF23,CRF28,32,76757,0.8848237797768984,0.0666018555659805,0.8496546320058109,0.809019723794219,0.7997153896200455,0.7058720545545623,0.9502743484224966,0.7766255605381166,0.8547193090684763,0.7462967950444385,0.9336922447866975,0.9060908670061504,0.9196845108239636,0.8513110475953771,0.8992117117117117,0.5860550458715597,0.7096200844256831,0.5499311294765841,0.85901764890173,0.9211616708350442,0.8890049715397361,0.8001880735432407,0.7717201166180758,0.8776525198938993,0.8212845175302513,0.6967623058699658,0.7115779497709682,0.8625311123875168,0.7798165137614679,0.6390977443609023,0.7814920505503465,0.7764277035236938,0.7789516456724909,0.637936772046589
CRF23,CRF35,32,76757,0.8827260219670283,0.06555404606355271,0.8429163025845752,0.806098772332079,0.7979450337066596,0.7036932959270259,0.9920874152223059,0.7379484304932735,0.8463516554162649,0.7336305377542491,0.9335111911856421,0.8909132993849613,0.911714943151056,0.837753801187774,0.8374542124542125,0.6711926605504587,0.7451619474434711,0.5938311688311688,0.8484900362939122,0.9250438612863489,0.8851147423877131,0.7939065803805985,0.7667804323094426,0.8938992042440318,0.8254745866503368,0.7028154327424401,0.7430579362358588,0.8299827685238369,0.7841186578637968,0.6448973519785778,0.8031937850668969,0.7537464560550831,0.7776849143334726,0.6362393162393163
CRF23,CRF51,32,76757,0.7941230051922379,0.1014295966471233,0.7617696759359935,0.6654348316950603,0.6540490095810698,0.5370529293105311,0.977061376317421,0.44170403587443946,0.6083767612430033,0.4371705963938974,0.8636856653021238,0.816248925335626,0.8392975536779832,0.7230944987989923,0.7736842105263158,0.26972477064220185,0.4,0.25,0.7430557701220454,0.8977192131098585,0.813098015349765,0.6850591083891183,0.6354571984435797,0.8663793103448276,0.7331649831649831,0.5787375415282392,0.6725506072874494,0.7951368945050737,0.7287243376030882,0.5732229123533471,0.7677772252610642,0.625354394491697,0.6892857142857143,0.5258855585831063
CRF28,Original,32,76757,0.8834404269575646,0.0703085105721791,0.845091324237746,0.8156166744157123,0.8023303696190281,0.710796617321547,0.9800613496932515,0.7163677130044843,0.8277202072538861,0.7060773480662983,0.938569954087625,0.871999206401693,0.9040607483844427,0.8249186686686687,0.7661134697028175,0.728440366972477,0.7468021068472536,0.5959171419993996,0.8551636009012341,0.9492702228526634,0.8997629409475285,0.8177900694623103,0.744782034346103,0.9346816976127321,0.8289957359211881,0.7079357106981417,0.8212267113250994,0.7511008998659774,0.7845999999999999,0.6455487905216389,0.793854531310774,0.8266504657756176,0.8099206349206349,0.6805601867289096
CRF28,CRF18,32,76757,0.8819878391750072,0.06214447378941507,0.8484498974348573,0.7923408161500637,0.7858553501188337,0.6914346808001108,0.9942528735632183,0.5818385650224215,0.7340876944837341,0.5798882681564246,0.8891918455343838,0.9273857549103895,0.9078872829095382,0.8313128019681655,0.7895829010168085,0.6981651376146789,0.7410653422923362,0.588644801980198,0.8988192484776474,0.9036171562954944,0.9012118166080303,0.8201870298841228,0.7436893203883496,0.8889257294429708,0.8098474550672105,0.6804568527918782,0.7838855421686747,0.7972429638139,0.7905078310393925,0.6535865641186627,0.8215447154471545,0.8185500202511138,0.8200446337999594,0.6949793672627235
CRF28,CRF23,32,76757,0.8823506119157389,0.06006160224034179,0.8428242208883517,0.7911570731018219,0.783643110986939,0.6905463941181207,0.9844179651695693,0.602017937219731,0.7471304347826088,0.5963353692393115,0.9069880297638305,0.927022022353019,0.9168956043956044,0.8465440710209258,0.836713359816015,0.7343119266055046,0.7821753151568456,0.6422725084256139,0.8738565581064246,0.9164582477882713,0.8946505356752423,0.8093825206870405,0.7618376550169109,0.8962201591511937,0.823583180987203,0.7000777000777001,0.7934472934472935,0.7465058395558108,0.7692611226201046,0.6250400769477397,0.8550537634408603,0.8051842851356824,0.8293700458906967,0.7084818246614397
CRF28,CRF28,32,76757,0.8929720243596275,0.06511815092383916,0.8403134648695154,0.8397019930027478,0.8160603253042188,0.7253964115040502,0.9281218946671083,0.7853139013452914,0.850766661606194,0.7402906208718626,0.9458800585080449,0.8980887507439984,0.9213650858267182,0.8541954962888414,0.7976045473000406,0.7209174311926605,0.7573245952197378,0.6094307429812316,0.8807081285174895,0.9229534510433387,0.9013360552649327,0.8203928595129073,0.73568281938326,0.8859416445623343,0.8038507821901325,0.6720321931589537,0.753755364806867,0.8070074669730041,0.7794729542302358,0.6386363636363637,0.7507142857142857,0.8513568246253544,0.7978743594609984,0.6637196084622671
CRF28,CRF35,32,76757,0.8806679096402067,0.06186520641760518,0.842002472325879,0.7952911094362878,0.7876860199112661,0.6925303812237023,0.9892294946147473,0.6692825112107623,0.79839518555667,0.664440734557596,0.9086566967520917,0.9121420540969513,0.9103960396039604,0.8355293048614266,0.8112962562215971,0.6878899082568808,0.7445139509482673,0.5930085416007592,0.8674996470422137,0.9174661241554369,0.8917835307777434,0.8047015682807844,0.7327102803738318,0.9098143236074271,0.8117142434551102,0.6830968384366443,0.7942961165048543,0.7518667432510052,0.7724992623192682,0.6293269230769231,0.8279982927870252,0.7857432158768732,0.8063175394846218,0.6754874651810585
CRF28,CRF51,32,76757,0.8039666399562418,0.08852777199579179,0.7589802683236468,0.6462127408682649,0.640700899155729,0.5327454453861495,0.9716867469879518,0.4520739910313901,0.6170619739862281,0.44619640387275245,0.8068501346096321,0.8919052972686992,0.8472483980399548,0.7349791547453609,0.7909571344685848,0.2471559633027523,0.37662519222703766,0.2320013778849466,0.7865288429476492,0.880510657359364,0.83087056834393,0.710674580458558,0.6575875486381323,0.8405172413793104,0.7378838597001893,0.584640221402214,0.7437149133512326,0.5833811985448976,0.653862660944206,0.4857325043838674,0.8086053412462908,0.6622114216281896,0.72812291249165,0.5724789915966386
CRF35,Original,32,76757,0.8701432007929388,0.07281012196662874,0.8400402087120156,0.7864841335236348,0.7833113247725894,0.6850052841775741,0.9860060514372163,0.7306614349775785,0.8393432066967161,0.7231622746185853,0.935449281578383,0.8654189537728986,0.8990724836825833,0.8166500249625561,0.8357715903728173,0.649908256880734,0.7312138728323699,0.5763097949886105,0.8301713686555916,0.9457613199447534,0.8842046485656453,0.7924433879644689,0.7180490349504434,0.9127984084880637,0.8037956204379563,0.6719550890895778,0.7751923781604984,0.8100708405131151,0.7922479168617171,0.655968992248062,0.8557046979865772,0.7229647630619684,0.7837541163556532,0.644404332129964
CRF35,CRF18,32,76757,0.8686846064313766,0.062071436866144324,0.82525658039755,0.7461217035108827,0.7426375296036214,0.6392256970535865,0.994833255049319,0.593609865470852,0.7435492364402317,0.5917854149203688,0.8862980165704243,0.9338337411546855,0.9094451421762793,0.8339288350804666,0.8112359550561797,0.5961467889908257,0.6872554204124802,0.5235256203673864,0.8795101443977335,0.8980925006532532,0.888704196217494,0.799700847598471,0.6258644536652835,0.9001989389920424,0.7383736741909165,0.5852554429834016,0.7778426791277259,0.7648860807964771,0.7713099720050198,0.6277498428661219,0.8704663212435233,0.6804374240583232,0.7638099568083656,0.6178742184626701
CRF35,CRF23,32,76757,0.8743341364304671,0.06268502357920737,0.830131126791424,0.7580551535488915,0.7559301638398613,0.6591783577810193,0.9799059427105601,0.6423766816143498,0.7760284408329102,0.6340248962655601,0.9147638308977035,0.9272865551220157,0.9209826266872475,0.8535382742352762,0.8842485176591905,0.6293577981651376,0.7353414085110943,0.5814544838108154,0.8469043151969982,0.9267609839859644,0.8850349351204905,0.793778175656233,0.7059423616424382,0.9177718832891246,0.7980394983422229,0.6639481890141521,0.7844643619291507,0.7038100708405132,0.7419517610253306,0.5897641585111504,0.8857725650178481,0.7035236938031592,0.7841986455981941,0.6450055699962867
CRF35,CRF28,32,76757,0.8785734282331926,0.07614521094939457,0.8486286785081629,0.7737885586645099,0.7736607618315902,0.6787300541987675,0.9731855559528065,0.7628923766816144,0.8553024351924587,0.747186384847653,0.9209184512648443,0.9256993585080352,0.9233027159842351,0.8575323163634135,0.9366401158580738,0.47467889908256883,0.6300535801266439,0.4599111111111111,0.8478077713746504,0.9390794729179888,0.8911126067089371,0.8036096470212426,0.7054741711642252,0.9101458885941645,0.7948458085999711,0.6595386833253244,0.8029197080291971,0.7792456442657476,0.7909055577147299,0.6541305046608807,0.8444136657433057,0.7407857432158769,0.7892125134843582,0.6518175338560228
CRF35,CRF35,32,76757,0.882014567766932,0.06665216676389685,0.830128349299164,0.8103882987172684,0.7932655654720793,0.6984986911092028,0.9887843704775687,0.76597533632287,0.863234365129501,0.7593776048902473,0.9471874667706377,0.8836386482375505,0.9143101531092294,0.8421467288541535,0.7759336099585062,0.7205504587155963,0.747217201027495,0.596445929526124,0.8530250347705146,0.9157863302101609,0.8832922284829611,0.7909788496259995,0.6816460489775309,0.8952254641909815,0.7739716210405619,0.6312836100070143,0.7433164424253014,0.8144744399770247,0.7772702357025397,0.6356843992827257,0.8017582417582417,0.7387606318347509,0.7689713322091063,0.6246575342465753
CRF35,CRF51,32,76757,0.8049798622897868,0.09950631184781665,0.7561360986365717,0.6674368835372084,0.6568567600330679,0.5476623405393753,0.9753024193548387,0.5423206278026906,0.6970461095100865,0.5349737351396184,0.8480737071277569,0.8887639706368626,0.8679421974650844,0.7666942408078272,0.7174657534246576,0.2306422018348624,0.3490697028603166,0.2114381833473507,0.7768651843705969,0.8438538205980066,0.8089750930432293,0.6792260080524007,0.5372182050191407,0.8375331564986738,0.6545737237626328,0.48651771956856704,0.7106335679881438,0.7344438062416236,0.7223425289520762,0.5653647752394989,0.822921559417567,0.7095990279465371,0.7620704654197477,0.6156008432888265
CRF51,Original,32,76757,0.8531869291194315,0.08057343948671038,0.8440203994661479,0.7274516698415119,0.7383599601613329,0.6327429674905132,0.9888211382113821,0.5454035874439462,0.7030346820809248,0.5420612813370473,0.857999878189902,0.9316513458104623,0.8933100824350033,0.8071909468557513,0.9199819168173599,0.37339449541284403,0.5311929000261029,0.36164919139861385,0.8250381256065438,0.8885736682966889,0.8556280440682231,0.7476835128938029,0.722177527487262,0.8929045092838196,0.7985174203113418,0.6646100691016782,0.7964771204288723,0.7964771204288723,0.7964771204288723,0.6617881005408845,0.8930232558139535,0.6998784933171325,0.784741144414169,0.6457399103139013
CRF51,CRF18,32,76757,0.7807271138834768,0.11591701894266927,0.8227317057784305,0.6555185000933709,0.666954799984181,0.5516540420514782,0.9978510028653295,0.390414798206278,0.5612409347300564,0.3900868104172501,0.7002836208934058,0.9797301765756233,0.8167659058330575,0.6902825990727582,0.8661496965610249,0.4713761467889908,0.6105038022813689,0.43937061741063793,0.8788050476435746,0.6369032065399978,0.7385507748246904,0.5854780042550272,0.6762692527096407,0.7861405835543767,0.7270775835633243,0.5711876656227415,0.7528475863315857,0.7972429638139,0.7744095220383114,0.631866464339909,0.8738518064911206,0.5779667881733496,0.6957581667479279,0.5334579439252336
CRF51,CRF23,32,76757,0.8421216293783851,0.08241171634194605,0.8278659702692801,0.6954137722313843,0.7061275321240142,0.6022306469613368,0.9856887298747764,0.4632847533632287,0.6303145853193517,0.4601893095768374,0.8245303681239997,0.9709675286026056,0.8917773897198391,0.8046915677838371,0.9462242562929062,0.45522935779816515,0.6147175421209118,0.44374888213199787,0.8572563559322034,0.8458322445779984,0.8515059844798106,0.7414109024278516,0.6896551724137931,0.8488063660477454,0.760998810939358,0.6142034548944337,0.7592156862745097,0.7413363967068735,0.7501695243630728,0.6002170206169586,0.9319175515302935,0.604293236127987,0.7331695331695331,0.5787432117920869
CRF51,CRF28,32,76757,0.81304582705891,0.0881761445384241,0.8148064249231322,0.6527313112506636,0.6571493049396979,0.5466883959414941,0.9691056910569106,0.5011210762331838,0.6606318123037133,0.49324137931034484,0.780734164429441,0.9712320613716025,0.8656263354110486,0.7630874749941545,0.9610108303249097,0.24422018348623853,0.38946598390636433,0.24182412790697674,0.8458912266772529,0.7954010974653776,0.8198695627080167,0.6947279188810277,0.6461612981351417,0.8846153846153846,0.7468159552134359,0.5959347777529596,0.7655656795747912,0.7721615929542408,0.768849490039081,0.6244967482192629,0.9454131918119788,0.5050627784528149,0.6583949313621964,0.4907516725698544
CRF51,CRF35,32,76757,0.8371326428573564,0.08661752529869682,0.842825730305309,0.7193154014920298,0.7288510567897032,0.6215345442055147,0.9944862155388471,0.5560538116591929,0.713284199173108,0.5543447890472198,0.8111180405941717,0.9461345149130349,0.8734393601758295,0.775314997967755,0.8850371418464804,0.45908256880733944,0.6045668720550924,0.43324675324675327,0.8498699079647393,0.8169397887192504,0.8330795584316711,0.7139129016473659,0.7547892720306514,0.8491379310344828,0.7991886409736308,0.6655405405405406,0.7578207381370826,0.8255791690599272,0.7902501603592046,0.6532343584305408,0.8827397260273973,0.6524908869987849,0.7503493246390311,0.6004472605292583
CRF51,CRF51,32,76757,0.8073296533946287,0.11927242973695046,0.7810807226546064,0.7547639214324819,0.7276160693869895,0.6207463855930686,0.9401313248358439,0.6821748878923767,0.7906447945427968,0.6537738383024443,0.9401975868491376,0.7678394286092189,0.8453221696396068,0.7320848702670324,0.762989095574086,0.4365137614678899,0.5553221288515406,0.3843916626272419,0.7339753419616022,0.8933517488521409,0.805859079047058,0.6748442038180639,0.5965119019561631,0.8391909814323607,0.6973412315745972,0.5353214890016921,0.6131616595135908,0.8206011870572468,0.7018750511749775,0.5406837391194651,0.764424990051731,0.7780477926285946,0.7711762344439985,0.6275726886638353
