train_condition,test_condition,phase,precision,recall,f1,jaccard
Original,Original,Preparation,97.88786482334869,71.44058295964125,82.59883344134802,70.35605851504279
Original,Original,CalotTriangleDissection,94.4653371320038,82.23001124264269,87.92405466084467,78.45042430360579
Original,Original,ClippingCutting,70.1227604512276,77.55963302752293,73.65394668060638,58.295407529995856
Original,Original,GallbladderDissection,83.37024360781156,92.74702303184142,87.80901556784649,78.26744369192
Original,Original,GallbladderPackaging,73.77801782338645,90.58355437665783,81.32162524185146,68.52269877100576
Original,Original,CleaningCoagulation,73.49958437240232,84.64484013019337,78.67948033457911,64.85257444623734
Original,Original,GallbladderRetraction,83.59649122807018,77.19724584852166,80.2695304274584,67.04185719310587
Original,CRF18,Preparation,99.53343701399689,53.81165919282511,69.85628524649809,53.67626502655857
Original,CRF18,CalotTriangleDissection,87.05722929534855,91.3464717941935,89.15028883080002,80.42446650557513
Original,CRF18,ClippingCutting,76.76687238701972,70.75229357798165,73.636971259429,58.27414236058637
Original,CRF18,GallbladderDissection,88.40612764663398,86.81548396730001,87.60358595751093,77.94162002748082
Original,CRF18,GallbladderPackaging,66.66666666666666,86.73740053050398,75.38904899135449,60.49953746530989
Original,CRF18,CleaningCoagulation,73.80394780863165,84.47252536856212,78.77868047495758,64.98747974664899
Original,CRF18,GallbladderRetraction,90.28969957081546,68.16524908869988,77.6828986845142,63.50943396226415
Original,CRF23,Preparation,98.00697558545092,55.12892376681614,70.56502242152466,54.51773835920177
Original,CRF23,CalotTriangleDissection,88.54743271616721,92.03756365319754,90.25877164537259,82.24691212103303
Original,CRF23,ClippingCutting,79.98411437648927,73.90825688073394,76.82624451649819,62.37225147104367
Original,CRF23,GallbladderDissection,86.79981048872042,88.9058942103102,87.84023013941137,78.31705632830226
Original,CRF23,GallbladderPackaging,73.9251814628699,87.79840848806366,80.2667474992422,67.0379746835443
Original,CRF23,CleaningCoagulation,74.82095740670938,76.00995596400536,75.41077025358534,60.52751943893886
Original,CRF23,GallbladderRetraction,89.75934459805428,71.00040502227623,79.28539122568974,65.68002997377295
Original,CRF28,Preparation,96.58222758343385,67.32062780269058,79.33938893476466,65.7541746509718
Original,CRF28,CalotTriangleDissection,90.13538401886976,92.24257654917002,91.17680704678793,83.78435200480553
Original,CRF28,ClippingCutting,85.28138528138528,65.06422018348624,73.8134887593672,58.49554602441438
Original,CRF28,GallbladderDissection,87.70953783498781,90.04068834223003,88.85982685577454,79.95293181742849
Original,CRF28,GallbladderPackaging,68.51898415891375,90.35145888594165,77.93507793507793,63.84723523898782
Original,CRF28,CleaningCoagulation,77.67633369137128,83.07486119088647,80.28494772874456,67.06336939721793
Original,CRF28,GallbladderRetraction,86.80323963792283,73.79505872823006,79.7723292469352,66.3510560815732
Original,CRF35,Preparation,99.09990999099911,61.715246636771305,76.06217616580311,61.37123745819398
Original,CRF35,CalotTriangleDissection,87.67237242041274,90.60908670061504,89.11654227035466,80.3695556533216
Original,CRF35,ClippingCutting,78.8180470239356,68.27522935779817,73.16881329269492,57.68992248062016
Original,CRF35,GallbladderDissection,86.02809324566647,85.9606554929262,85.99436114793585,75.4299190933211
Original,CRF35,GallbladderPackaging,67.68831168831169,86.40583554376657,75.91028255170404,61.1737089201878
Original,CRF35,CleaningCoagulation,72.15317433658045,82.25157955198162,76.87214816140289,62.43278593227729
Original,CRF35,GallbladderRetraction,86.81429290387518,69.86634264884569,77.42369838420109,63.163676309044305
Original,CRF51,Preparation,96.26604434072345,46.24439461883408,62.476334721696325,45.429515418502206
Original,CRF51,CalotTriangleDissection,83.84837635826895,88.28450499305602,86.00927775272213,75.45287551222269
Original,CRF51,ClippingCutting,78.11009969657565,33.064220183486235,46.46126079669975,30.260285474391267
Original,CRF51,GallbladderDissection,79.25461969686484,85.49404606368286,82.25618187368686,69.86029770619815
Original,CRF51,GallbladderPackaging,65.96800882515168,79.3103448275862,72.0264980427582,56.28235294117647
Original,CRF51,CleaningCoagulation,65.90770171149144,82.57706299061842,73.30670519248746,57.86155084518379
Original,CRF51,GallbladderRetraction,87.07557502738226,64.39854191980558,74.0395809080326,58.78003696857671
CRF18,Original,Preparation,97.003367003367,80.74551569506725,88.13092688895685,78.78042111019961
CRF18,Original,CalotTriangleDissection,96.260493513101,75.07439984128034,84.35758341383666,72.94692198946152
CRF18,Original,ClippingCutting,74.34535799304157,74.49541284403671,74.42030977912198,59.26142169026419
CRF18,Original,GallbladderDissection,76.67408030776629,95.22938519541603,84.95030052779673,73.83791606367583
CRF18,Original,GallbladderPackaging,74.81702358362699,91.51193633952255,82.32662192393735,69.96197718631178
CRF18,Original,CleaningCoagulation,76.6939687267312,78.88186865785947,77.772534214252,63.62934362934362
CRF18,Original,GallbladderRetraction,77.77316161196511,75.82017010935601,76.78424938474157,62.31691078561917
CRF18,CRF18,Preparation,97.70236832803111,77.46636771300447,86.41550726903236,76.08037434627029
CRF18,CRF18,CalotTriangleDissection,95.71887398450784,83.76430130282388,89.34346729680638,80.7394422310757
CRF18,CRF18,ClippingCutting,70.64085881587509,79.68807339449542,74.89222279703397,59.86216402481047
CRF18,CRF18,GallbladderDissection,85.26438836553667,92.57531076187988,88.76957494407158,79.80691874497184
CRF18,CRF18,GallbladderPackaging,73.7489516354487,87.46684350132627,80.02426816320339,66.70037926675096
CRF18,CRF18,CleaningCoagulation,73.11776061776062,87.01895462377944,79.46498819826908,65.92689295039165
CRF18,CRF18,GallbladderRetraction,76.39573070607554,75.3746456055083,75.88175331294596,61.13666228646518
CRF18,CRF23,Preparation,98.1868348443043,69.81502242152466,81.6052416052416,68.92639734366352
CRF18,CRF23,CalotTriangleDissection,95.16429249762584,82.83843661133523,88.57461063871163,79.49230525146756
CRF18,CRF23,ClippingCutting,76.76675210545588,76.93577981651376,76.85117302052787,62.40511980949546
CRF18,CRF23,GallbladderDissection,80.96550839851263,94.2849677106275,87.11908252134172,77.17786537110032
CRF18,CRF23,GallbladderPackaging,73.61633530360021,90.84880636604774,81.32977144553278,68.53426713356679
CRF18,CRF23,CleaningCoagulation,75.81687612208259,80.85391537430596,78.25442416380989,64.27701674277017
CRF18,CRF23,GallbladderRetraction,89.7172236503856,70.67638720129608,79.06660625283189,65.38029224428625
CRF18,CRF28,Preparation,94.80181936322288,81.78251121076234,87.8122178754138,78.27253218884121
CRF18,CRF28,CalotTriangleDissection,95.53173462997752,85.7549103895245,90.37968948753245,82.4479415037355
CRF18,CRF28,ClippingCutting,84.41376082377721,66.18348623853211,74.1952072405636,58.97645519947679
CRF18,CRF28,GallbladderDissection,82.01177341010711,95.16965918847288,88.10214942290415,78.73444303758377
CRF18,CRF28,GallbladderPackaging,75.2,90.38461538461539,82.09606986899563,69.62962962962963
CRF18,CRF28,CleaningCoagulation,76.89636263937123,80.54757802029485,78.67963343931177,64.85278248805302
CRF18,CRF28,GallbladderRetraction,85.35645472061657,71.7699473471041,77.97579757975798,63.90191128741435
CRF18,CRF35,Preparation,98.73511904761905,74.38340807174887,84.846547314578,73.68128817323709
CRF18,CRF35,CalotTriangleDissection,95.9824995244436,83.42371536274055,89.26353777840677,80.60898459965493
CRF18,CRF35,ClippingCutting,80.52057094878253,70.38532110091744,75.11259056197378,60.144245845092506
CRF18,CRF35,GallbladderDissection,80.04716981132076,95.02034417111501,86.89344416187339,76.82440997163035
CRF18,CRF35,GallbladderPackaging,74.79652740097666,91.41246684350133,82.27394807520143,69.88593155893537
CRF18,CRF35,CleaningCoagulation,76.83990895295902,77.56078881868658,77.19866603144354,62.864680322780885
CRF18,CRF35,GallbladderRetraction,79.75243147656941,73.0660186310247,76.26294652293385,61.63307140416809
CRF18,CRF51,Preparation,96.80601221230624,57.76345291479821,72.35387045813586,56.683168316831676
CRF18,CRF51,CalotTriangleDissection,88.8294391624004,76.30778387672773,82.09387951121468,69.62647839729664
CRF18,CRF51,ClippingCutting,74.83697736862294,35.79816513761468,48.42993670100534,31.952178185391418
CRF18,CRF51,GallbladderDissection,69.85456527351481,90.90298256747172,79.00081103000811,65.29036409458952
CRF18,CRF51,GallbladderPackaging,68.06792873051225,81.06763925729443,74.00121065375303,58.731683881816
CRF18,CRF51,CleaningCoagulation,70.52204390333887,73.19548152402834,71.83389703119127,56.047500366515166
CRF18,CRF51,GallbladderRetraction,77.2140221402214,67.80072904009721,72.20185464740135,56.496793790077625
CRF23,Original,Preparation,98.08773903262093,73.31838565022422,83.91339214113873,72.28516164686377
CRF23,Original,CalotTriangleDissection,95.45855886982227,82.22339792341776,88.34804853351335,79.12808273667463
CRF23,Original,ClippingCutting,77.27272727272727,71.11926605504587,74.06841200076438,58.816388467374814
CRF23,Original,GallbladderDissection,81.30386883546107,93.66531038859233,87.04792631524172,77.06624896342025
CRF23,Original,GallbladderPackaging,77.91944363952477,89.157824933687,83.16066182155559,71.17522498676549
CRF23,Original,CleaningCoagulation,72.45567957977676,84.51081753781352,78.02032699955811,63.96174467468483
CRF23,Original,GallbladderRetraction,74.65648854961832,79.22235722964763,76.87168402436627,62.432173635493136
CRF23,CRF18,Preparation,99.22647185217018,64.71412556053812,78.3375742154368,64.38929168990518
CRF23,CRF18,CalotTriangleDissection,90.8946742434254,90.97281925798558,90.93372996198977,83.37474998484757
CRF23,CRF18,ClippingCutting,80.9902339314104,65.43119266055047,72.38404546838527,56.720216319389216
CRF23,CRF18,GallbladderDissection,87.87227845336052,90.09294859830528,88.9687586397567,80.12948207171314
CRF23,CRF18,GallbladderPackaging,72.90903970712476,85.842175066313,78.84878940155323,65.08295625942685
CRF23,CRF18,CleaningCoagulation,70.48525798525799,87.88052843193567,78.2275244993609,64.2407277816655
CRF23,CRF18,GallbladderRetraction,82.01793721973094,74.07857432158768,77.84635028729518,63.72822299651568
CRF23,CRF23,Preparation,98.24497257769652,75.30829596412556,85.26098683166745,74.30862831858407
CRF23,CRF23,CalotTriangleDissection,94.56304553580817,89.2004497057073,91.80350184621143,84.8488661026012
CRF23,CRF23,ClippingCutting,77.18603814321699,78.71559633027523,77.94331395348837,63.85829115808276
CRF23,CRF23,GallbladderDissection,87.1930514351074,91.05976333569748,89.08446846583647,80.31739760305544
CRF23,CRF23,GallbladderPackaging,76.37818612922347,85.44429708222812,80.65727699530515,67.58457907159718
CRF23,CRF23,CleaningCoagulation,70.90540751129811,87.11468504690791,78.1786941580756,64.17489421720734
CRF23,CRF23,GallbladderRetraction,85.66159520516366,75.25313892264074,80.12074169900819,66.83453237410072
CRF23,CRF28,Preparation,95.02743484224966,77.66255605381166,85.47193090684763,74.62967950444384
CRF23,CRF28,CalotTriangleDissection,93.36922447866975,90.60908670061504,91.96845108239636,85.1311047595377
CRF23,CRF28,ClippingCutting,89.92117117117117,58.60550458715596,70.96200844256832,54.9931129476584
CRF23,CRF28,GallbladderDissection,85.901764890173,92.11616708350442,88.90049715397362,80.01880735432407
CRF23,CRF28,GallbladderPackaging,77.17201166180759,87.76525198938992,82.12845175302513,69.67623058699658
CRF23,CRF28,CleaningCoagulation,71.15779497709683,86.25311123875167,77.98165137614679,63.90977443609023
CRF23,CRF28,GallbladderRetraction,78.14920505503466,77.64277035236938,77.89516456724908,63.793677204658906
CRF23,CRF35,Preparation,99.2087415222306,73.79484304932735,84.63516554162649,73.36305377542492
CRF23,CRF35,CalotTriangleDissection,93.35111911856421,89.09132993849613,91.17149431510559,83.77538011877739
CRF23,CRF35,ClippingCutting,83.74542124542124,67.11926605504587,74.5161947443471,59.383116883116884
CRF23,CRF35,GallbladderDissection,84.84900362939122,92.50438612863489,88.51147423877131,79.39065803805985
CRF23,CRF35,GallbladderPackaging,76.67804323094425,89.38992042440319,82.54745866503367,70.281543274244
CRF23,CRF35,CleaningCoagulation,74.30579362358588,82.9982768523837,78.41186578637968,64.48973519785778
CRF23,CRF35,GallbladderRetraction,80.31937850668969,75.3746456055083,77.76849143334726,63.623931623931625
CRF23,CRF51,Preparation,97.7061376317421,44.17040358744394,60.83767612430033,43.71705963938974
CRF23,CRF51,CalotTriangleDissection,86.36856653021238,81.6248925335626,83.92975536779832,72.30944987989923
CRF23,CRF51,ClippingCutting,77.36842105263158,26.972477064220186,40.0,25.0
CRF23,CRF51,GallbladderDissection,74.30557701220454,89.77192131098585,81.3098015349765,68.50591083891183
CRF23,CRF51,GallbladderPackaging,63.545719844357976,86.63793103448276,73.31649831649831,57.87375415282392
CRF23,CRF51,CleaningCoagulation,67.25506072874494,79.51368945050737,72.87243376030882,57.32229123533471
CRF23,CRF51,GallbladderRetraction,76.77772252610642,62.53543944916971,68.92857142857143,52.58855585831063
CRF28,Original,Preparation,98.00613496932516,71.63677130044843,82.7720207253886,70.60773480662984
CRF28,Original,CalotTriangleDissection,93.8569954087625,87.19992064016931,90.40607483844427,82.49186686686687
CRF28,Original,ClippingCutting,76.61134697028174,72.8440366972477,74.68021068472535,59.59171419993996
CRF28,Original,GallbladderDissection,85.51636009012341,94.92702228526633,89.97629409475284,81.77900694623102
CRF28,Original,GallbladderPackaging,74.47820343461031,93.46816976127322,82.89957359211881,70.79357106981416
CRF28,Original,CleaningCoagulation,82.12267113250994,75.11008998659774,78.45999999999998,64.5548790521639
CRF28,Original,GallbladderRetraction,79.3854531310774,82.66504657756177,80.9920634920635,68.05601867289096
CRF28,CRF18,Preparation,99.42528735632183,58.18385650224215,73.4087694483734,57.988826815642454
CRF28,CRF18,CalotTriangleDissection,88.91918455343838,92.73857549103896,90.78872829095383,83.13128019681655
CRF28,CRF18,ClippingCutting,78.95829010168084,69.81651376146789,74.10653422923362,58.8644801980198
CRF28,CRF18,GallbladderDissection,89.88192484776474,90.36171562954945,90.12118166080303,82.01870298841229
CRF28,CRF18,GallbladderPackaging,74.36893203883496,88.89257294429707,80.98474550672104,68.04568527918782
CRF28,CRF18,CleaningCoagulation,78.38855421686746,79.72429638139,79.05078310393925,65.35865641186626
CRF28,CRF18,GallbladderRetraction,82.15447154471545,81.85500202511138,82.00446337999594,69.49793672627234
CRF28,CRF23,Preparation,98.44179651695693,60.2017937219731,74.71304347826087,59.63353692393115
CRF28,CRF23,CalotTriangleDissection,90.69880297638305,92.7022022353019,91.68956043956044,84.65440710209258
CRF28,CRF23,ClippingCutting,83.6713359816015,73.43119266055047,78.21753151568456,64.22725084256139
CRF28,CRF23,GallbladderDissection,87.38565581064246,91.64582477882713,89.46505356752424,80.93825206870406
CRF28,CRF23,GallbladderPackaging,76.1837655016911,89.62201591511936,82.35831809872029,70.00777000777
CRF28,CRF23,CleaningCoagulation,79.34472934472934,74.65058395558108,76.92611226201046,62.50400769477397
CRF28,CRF23,GallbladderRetraction,85.50537634408603,80.51842851356824,82.93700458906967,70.84818246614397
CRF28,CRF28,Preparation,92.81218946671082,78.53139013452915,85.0766661606194,74.02906208718626
CRF28,CRF28,CalotTriangleDissection,94.58800585080449,89.80887507439984,92.13650858267182,85.41954962888414
CRF28,CRF28,ClippingCutting,79.76045473000406,72.09174311926606,75.73245952197378,60.94307429812316
CRF28,CRF28,GallbladderDissection,88.07081285174895,92.29534510433388,90.13360552649327,82.03928595129074
CRF28,CRF28,GallbladderPackaging,73.568281938326,88.59416445623343,80.38507821901325,67.20321931589537
CRF28,CRF28,CleaningCoagulation,75.3755364806867,80.7007466973004,77.94729542302358,63.86363636363637
CRF28,CRF28,GallbladderRetraction,75.07142857142857,85.13568246253544,79.78743594609983,66.37196084622671
CRF28,CRF35,Preparation,98.92294946147473,66.92825112107623,79.839518555667,66.4440734557596
CRF28,CRF35,CalotTriangleDissection,90.86566967520918,91.21420540969513,91.03960396039604,83.55293048614266
CRF28,CRF35,ClippingCutting,81.12962562215971,68.78899082568807,74.45139509482674,59.30085416007592
CRF28,CRF35,GallbladderDissection,86.74996470422137,91.7466124155437,89.17835307777435,80.47015682807844
CRF28,CRF35,GallbladderPackaging,73.27102803738318,90.98143236074272,81.17142434551103,68.30968384366443
CRF28,CRF35,CleaningCoagulation,79.42961165048543,75.18667432510053,77.24992623192682,62.93269230769231
CRF28,CRF35,GallbladderRetraction,82.79982927870252,78.57432158768732,80.63175394846218,67.54874651810584
CRF28,CRF51,Preparation,97.16867469879517,45.20739910313901,61.706197398622805,44.61964038727525
CRF28,CRF51,CalotTriangleDissection,80.6850134609632,89.19052972686991,84.72483980399548,73.49791547453609
CRF28,CRF51,ClippingCutting,79.09571344685848,24.71559633027523,37.662519222703764,23.20013778849466
CRF28,CRF51,GallbladderDissection,78.65288429476493,88.05106573593639,83.087056834393,71.0674580458558
CRF28,CRF51,GallbladderPackaging,65.75875486381322,84.05172413793103,73.78838597001894,58.4640221402214
CRF28,CRF51,CleaningCoagulation,74.37149133512327,58.338119854489754,65.38626609442059,48.57325043838674
CRF28,CRF51,GallbladderRetraction,80.86053412462908,66.22114216281896,72.812291249165,57.24789915966386
CRF35,Original,Preparation,98.60060514372164,73.06614349775785,83.93432066967162,72.31622746185853
CRF35,Original,CalotTriangleDissection,93.5449281578383,86.54189537728986,89.90724836825834,81.66500249625561
CRF35,Original,ClippingCutting,83.57715903728173,64.9908256880734,73.121387283237,57.630979498861045
CRF35,Original,GallbladderDissection,83.01713686555917,94.57613199447535,88.42046485656454,79.24433879644688
CRF35,Original,GallbladderPackaging,71.80490349504434,91.27984084880637,80.37956204379563,67.19550890895778
CRF35,Original,CleaningCoagulation,77.51923781604984,81.00708405131151,79.22479168617171,65.59689922480621
CRF35,Original,GallbladderRetraction,85.57046979865773,72.29647630619684,78.37541163556531,64.4404332129964
CRF35,CRF18,Preparation,99.4833255049319,59.360986547085204,74.35492364402317,59.178541492036885
CRF35,CRF18,CalotTriangleDissection,88.62980165704244,93.38337411546856,90.94451421762793,83.39288350804665
CRF35,CRF18,ClippingCutting,81.12359550561797,59.61467889908258,68.72554204124802,52.35256203673864
CRF35,CRF18,GallbladderDissection,87.95101443977335,89.80925006532532,88.87041962174939,79.97008475984711
CRF35,CRF18,GallbladderPackaging,62.58644536652835,90.01989389920423,73.83736741909165,58.52554429834016
CRF35,CRF18,CleaningCoagulation,77.78426791277259,76.48860807964772,77.13099720050198,62.77498428661219
CRF35,CRF18,GallbladderRetraction,87.04663212435233,68.04374240583232,76.38099568083656,61.78742184626701
CRF35,CRF23,Preparation,97.99059427105601,64.23766816143498,77.60284408329102,63.40248962655601
CRF35,CRF23,CalotTriangleDissection,91.47638308977035,92.72865551220157,92.09826266872476,85.35382742352762
CRF35,CRF23,ClippingCutting,88.42485176591906,62.93577981651376,73.53414085110943,58.14544838108154
CRF35,CRF23,GallbladderDissection,84.69043151969981,92.67609839859644,88.50349351204905,79.3778175656233
CRF35,CRF23,GallbladderPackaging,70.59423616424382,91.77718832891246,79.8039498342223,66.3948189014152
CRF35,CRF23,CleaningCoagulation,78.44643619291507,70.38100708405132,74.19517610253305,58.976415851115036
CRF35,CRF23,GallbladderRetraction,88.5772565017848,70.35236938031592,78.4198645598194,64.50055699962867
CRF35,CRF28,Preparation,97.31855559528066,76.28923766816143,85.53024351924587,74.7186384847653
CRF35,CRF28,CalotTriangleDissection,92.09184512648443,92.56993585080352,92.33027159842351,85.75323163634135
CRF35,CRF28,ClippingCutting,93.66401158580739,47.467889908256886,63.005358012664395,45.99111111111111
CRF35,CRF28,GallbladderDissection,84.78077713746504,93.90794729179888,89.11126067089371,80.36096470212426
CRF35,CRF28,GallbladderPackaging,70.54741711642252,91.01458885941645,79.48458085999711,65.95386833253244
CRF35,CRF28,CleaningCoagulation,80.2919708029197,77.92456442657476,79.09055577147299,65.41305046608808
CRF35,CRF28,GallbladderRetraction,84.44136657433057,74.07857432158768,78.92125134843582,65.18175338560228
CRF35,CRF35,Preparation,98.87843704775688,76.597533632287,86.3234365129501,75.93776048902473
CRF35,CRF35,CalotTriangleDissection,94.71874667706376,88.36386482375505,91.43101531092293,84.21467288541535
CRF35,CRF35,ClippingCutting,77.59336099585063,72.05504587155963,74.7217201027495,59.6445929526124
CRF35,CRF35,GallbladderDissection,85.30250347705146,91.57863302101609,88.32922284829611,79.09788496259995
CRF35,CRF35,GallbladderPackaging,68.1646048977531,89.52254641909815,77.39716210405619,63.128361000701425
CRF35,CRF35,CleaningCoagulation,74.33164424253013,81.44744399770248,77.72702357025398,63.56843992827257
CRF35,CRF35,GallbladderRetraction,80.17582417582418,73.8760631834751,76.89713322091063,62.465753424657535
CRF35,CRF51,Preparation,97.53024193548387,54.23206278026906,69.70461095100865,53.49737351396185
CRF35,CRF51,CalotTriangleDissection,84.8073707127757,88.87639706368627,86.79421974650843,76.66942408078272
CRF35,CRF51,ClippingCutting,71.74657534246576,23.06422018348624,34.90697028603166,21.14381833473507
CRF35,CRF51,GallbladderDissection,77.68651843705969,84.38538205980066,80.89750930432294,67.92260080524008
CRF35,CRF51,GallbladderPackaging,53.721820501914074,83.75331564986737,65.45737237626328,48.651771956856706
CRF35,CRF51,CleaningCoagulation,71.06335679881438,73.44438062416236,72.23425289520762,56.53647752394989
CRF35,CRF51,GallbladderRetraction,82.29215594175669,70.9599027946537,76.20704654197476,61.560084328882645
CRF51,Original,Preparation,98.8821138211382,54.540358744394624,70.30346820809248,54.20612813370474
CRF51,Original,CalotTriangleDissection,85.7999878189902,93.16513458104623,89.33100824350034,80.71909468557513
CRF51,Original,ClippingCutting,91.99819168173599,37.3394495412844,53.119290002610285,36.16491913986138
CRF51,Original,GallbladderDissection,82.50381256065438,88.85736682966889,85.56280440682231,74.76835128938029
CRF51,Original,GallbladderPackaging,72.2177527487262,89.29045092838196,79.85174203113418,66.46100691016782
CRF51,Original,CleaningCoagulation,79.64771204288724,79.64771204288724,79.64771204288724,66.17881005408846
CRF51,Original,GallbladderRetraction,89.30232558139535,69.98784933171325,78.4741144414169,64.57399103139014
CRF51,CRF18,Preparation,99.78510028653295,39.0414798206278,56.124093473005644,39.008681041725005
CRF51,CRF18,CalotTriangleDissection,70.02836208934058,97.97301765756234,81.67659058330575,69.02825990727582
CRF51,CRF18,ClippingCutting,86.61496965610249,47.137614678899084,61.05038022813689,43.93706174106379
CRF51,CRF18,GallbladderDissection,87.88050476435745,63.69032065399978,73.85507748246904,58.547800425502714
CRF51,CRF18,GallbladderPackaging,67.62692527096407,78.61405835543766,72.70775835633243,57.118766562274146
CRF51,CRF18,CleaningCoagulation,75.28475863315856,79.72429638139,77.44095220383113,63.1866464339909
CRF51,CRF18,GallbladderRetraction,87.38518064911206,57.79667881733496,69.57581667479279,53.34579439252336
CRF51,CRF23,Preparation,98.56887298747765,46.328475336322875,63.03145853193517,46.01893095768374
CRF51,CRF23,CalotTriangleDissection,82.45303681239997,97.09675286026057,89.17773897198391,80.4691567783837
CRF51,CRF23,ClippingCutting,94.62242562929062,45.522935779816514,61.47175421209118,44.37488821319979
CRF51,CRF23,GallbladderDissection,85.72563559322035,84.58322445779984,85.15059844798107,74.14109024278515
CRF51,CRF23,GallbladderPackaging,68.96551724137932,84.88063660477454,76.09988109393579,61.42034548944337
CRF51,CRF23,CleaningCoagulation,75.92156862745098,74.13363967068734,75.01695243630728,60.02170206169586
CRF51,CRF23,GallbladderRetraction,93.19175515302935,60.429323612798704,73.31695331695332,57.874321179208685
CRF51,CRF28,Preparation,96.91056910569105,50.11210762331838,66.06318123037133,49.324137931034485
CRF51,CRF28,CalotTriangleDissection,78.0734164429441,97.12320613716024,86.56263354110486,76.30874749941545
CRF51,CRF28,ClippingCutting,96.10108303249098,24.42201834862385,38.94659839063643,24.182412790697676
CRF51,CRF28,GallbladderDissection,84.58912266772529,79.54010974653775,81.98695627080167,69.47279188810278
CRF51,CRF28,GallbladderPackaging,64.61612981351416,88.46153846153845,74.6815955213436,59.59347777529595
CRF51,CRF28,CleaningCoagulation,76.55656795747912,77.21615929542408,76.8849490039081,62.449674821926294
CRF51,CRF28,GallbladderRetraction,94.54131918119788,50.50627784528149,65.83949313621964,49.07516725698544
CRF51,CRF35,Preparation,99.4486215538847,55.60538116591929,71.32841991731081,55.434478904721985
CRF51,CRF35,CalotTriangleDissection,81.11180405941717,94.6134514913035,87.34393601758295,77.5314997967755
CRF51,CRF35,ClippingCutting,88.50371418464805,45.908256880733944,60.45668720550924,43.324675324675326
CRF51,CRF35,GallbladderDissection,84.98699079647393,81.69397887192504,83.30795584316711,71.39129016473659
CRF51,CRF35,GallbladderPackaging,75.47892720306514,84.91379310344827,79.91886409736308,66.55405405405406
CRF51,CRF35,CleaningCoagulation,75.78207381370827,82.55791690599273,79.02501603592046,65.32343584305409
CRF51,CRF35,GallbladderRetraction,88.27397260273972,65.24908869987848,75.03493246390312,60.04472605292583
CRF51,CRF51,Preparation,94.0131324835844,68.21748878923766,79.06447945427968,65.37738383024443
CRF51,CRF51,CalotTriangleDissection,94.01975868491375,76.7839428609219,84.53221696396068,73.20848702670324
CRF51,CRF51,ClippingCutting,76.2989095574086,43.65137614678899,55.53221288515407,38.439166262724186
CRF51,CRF51,GallbladderDissection,73.39753419616022,89.33517488521409,80.5859079047058,67.48442038180639
CRF51,CRF51,GallbladderPackaging,59.65119019561631,83.91909814323607,69.73412315745972,53.532148900169204
CRF51,CRF51,CleaningCoagulation,61.31616595135908,82.06011870572468,70.18750511749775,54.06837391194651
CRF51,CRF51,GallbladderRetraction,76.4424990051731,77.80477926285946,77.11762344439985,62.757268866383534
