condition,video,frames,accuracy,precision_macro,recall_macro,jaccard_macro,prec_Preparation,prec_CalotTriangleDissection,prec_ClippingCutting,prec_GallbladderDissection,prec_GallbladderPackaging,prec_CleaningCoagulation,prec_GallbladderRetraction,rec_Preparation,rec_CalotTriangleDissection,rec_ClippingCutting,rec_GallbladderDissection,rec_GallbladderPackaging,rec_CleaningCoagulation,rec_GallbladderRetraction,jac_Preparation,jac_CalotTriangleDissection,jac_ClippingCutting,jac_GallbladderDissection,jac_GallbladderPackaging,jac_CleaningCoagulation,jac_GallbladderRetraction
Original,video49,1671,0.9204069419509275,0.8894692917391708,0.901681217939754,0.8004979311829109,1.0,0.9071618037135278,0.6703296703296703,0.9675090252707581,0.851063829787234,0.9354838709677419,0.8947368421052632,0.6333333333333333,0.9023746701846965,0.9682539682539683,0.92573402417962,0.9195402298850575,0.9741602067183462,0.9883720930232558,0.6333333333333333,0.8260869565217391,0.6559139784946236,0.897822445561139,0.7920792079207921,0.9128329297820823,0.8854166666666666
Original,video50,1094,0.9040219378427788,0.7794354838709677,0.622718724570183,0.5574623681275562,1.0,0.8935483870967742,0.8125,0.9473684210526315,0.8026315789473685,0.0,1.0,0.13432835820895522,0.9702276707530648,0.7428571428571429,0.9759036144578314,1.0,0.0,0.5357142857142857,0.13432835820895522,0.869701726844584,0.6341463414634146,0.9257142857142857,0.8026315789473685,0.0,0.5357142857142857
Original,video51,2944,0.7296195652173914,0.8594024972417292,0.8169073853461651,0.7046598802141167,1.0,0.9676113360323887,0.8214285714285714,0.46985121378230227,0.9072164948453608,0.9042553191489362,0.9454545454545454,0.9327731092436975,0.6350752878653676,0.47310126582278483,0.9966777408637874,0.946236559139785,0.9090909090909091,0.8253968253968254,0.9327731092436975,0.6218560277536861,0.42898134863701576,0.4691164972634871,0.8627450980392157,0.8292682926829268,0.7878787878787878
Original,video52,1966,0.9404883011190234,0.9499465995030102,0.9373093344720662,0.8882411403074907,0.9734513274336283,0.8365896980461812,0.9914163090128756,0.9871134020618557,0.8701298701298701,0.9909255898366606,1.0,1.0,0.9936708860759493,0.7064220183486238,0.9770408163265306,1.0,0.9927272727272727,0.8913043478260869,0.9734513274336283,0.8321554770318021,0.7021276595744681,0.964735516372796,0.8701298701298701,0.9837837837837838,0.8913043478260869
Original,video53,3283,0.8681084374048127,0.7585746068110069,0.8654348675159754,0.6449061847782465,1.0,0.9811320754716981,0.4473684210526316,0.9976095617529881,0.2366412213740458,0.8267581475128645,0.8205128205128205,0.7910447761194029,0.8065693430656934,1.0,0.9392348087021756,1.0,0.8100840336134454,0.7111111111111111,0.7910447761194029,0.7942497753818508,0.4473684210526316,0.937125748502994,0.2366412213740458,0.6925287356321839,0.6153846153846154
Original,video54,3100,0.9212903225806451,0.9309108975675736,0.8739781698558763,0.8059876020493489,1.0,0.8551873198847262,0.9826589595375722,1.0,0.7156862745098039,0.9818913480885312,0.9809523809523809,0.496,1.0,0.8717948717948718,0.8485181119648738,1.0,0.9818913480885312,0.9196428571428571,0.496,0.8551873198847262,0.8585858585858586,0.8485181119648738,0.7156862745098039,0.9644268774703557,0.9035087719298246
Original,video55,1037,0.9247830279652844,0.8877056681702429,0.8730085956051136,0.7777552925741117,1.0,0.9544513457556936,0.8636363636363636,1.0,0.9038461538461539,0.5232558139534884,0.96875,1.0,1.0,0.7215189873417721,0.908256880733945,0.8703703703703703,0.9782608695652174,0.6326530612244898,1.0,0.9544513457556936,0.6477272727272727,0.908256880733945,0.7966101694915254,0.5172413793103449,0.62
Original,video56,1834,0.8047982551799345,0.8250476860227799,0.8151179572952776,0.6564736865131755,1.0,0.9143610013175231,0.6666666666666666,0.7124394184168013,0.5979381443298969,0.8839285714285714,1.0,0.38095238095238093,0.7797752808988764,1.0,0.8480769230769231,1.0,0.9519230769230769,0.7450980392156863,0.38095238095238093,0.7267015706806282,0.6666666666666666,0.6318051575931232,0.5979381443298969,0.8461538461538461,0.7450980392156863
Original,video57,2632,0.8514437689969605,0.8570074921185281,0.8863166015911517,0.7630743114913858,0.993006993006993,0.9940915805022157,0.4206896551724138,0.8999008919722498,0.8241758241758241,0.8671875,1.0,0.9793103448275862,0.686734693877551,0.9289340101522843,0.9816216216216216,0.9259259259259259,0.7762237762237763,0.9254658385093167,0.9726027397260274,0.6839430894308943,0.40757238307349664,0.884990253411306,0.7731958762886598,0.69375,0.9254658385093167
Original,video58,5993,0.6671116302352745,0.72775171519369,0.7485756565119502,0.5556331597971028,0.8837209302325582,0.9553903345724907,0.3111760409057706,0.6015843429636533,0.6704545454545454,0.8122866894197952,0.8596491228070176,0.475,0.5311485090050192,0.6320474777448071,0.973604826546003,1.0,0.8782287822878229,0.75,0.4470588235294118,0.5182944396427542,0.2634508348794063,0.5919303071985328,0.6704545454545454,0.7300613496932515,0.6681818181818182
Original,video59,1046,0.9550669216061185,0.9511916785591394,0.9030766852195423,0.8583651561605578,1.0,0.980561555075594,1.0,0.9329073482428115,0.9622641509433962,0.782608695652174,1.0,1.0,1.0,0.775,1.0,0.7727272727272727,0.9642857142857143,0.8095238095238095,1.0,0.980561555075594,0.775,0.9329073482428115,0.75,0.7605633802816901,0.8095238095238095
Original,video60,2532,0.6054502369668247,0.7219860293609273,0.7232407648175504,0.547537960193428,0.9472140762463344,0.9857456140350878,0.8068181818181818,0.0962671905697446,0.8666666666666667,0.47619047619047616,0.875,1.0,0.5056242969628797,0.8452380952380952,0.9245283018867925,0.9629629629629629,0.10638297872340426,0.717948717948718,0.9472140762463344,0.5019542155220548,0.7029702970297029,0.09551656920077972,0.8387096774193549,0.09523809523809523,0.6511627906976745
Original,video61,4409,0.8963483783170787,0.809766171343988,0.8199798906332577,0.6618498994418088,1.0,0.8058823529411765,0.9338842975206612,0.9762301918265222,0.3932038834951456,0.7868852459016393,0.7722772277227723,0.7410714285714286,0.9937823834196892,0.5916230366492147,0.915168100078186,1.0,0.6857142857142857,0.8125,0.7410714285714286,0.8018394648829431,0.5678391959798995,0.8952198852772466,0.3932038834951456,0.5783132530120482,0.6554621848739496
Original,video62,2032,0.890255905511811,0.9234664198679008,0.8905738868756224,0.8229232726603523,1.0,0.9977324263038548,0.9538461538461539,0.7792792792792793,0.875,0.8584070796460177,1.0,0.95,0.822429906542056,0.8857142857142857,0.9885714285714285,0.7777777777777778,1.0,0.8095238095238095,0.95,0.8208955223880597,0.8493150684931506,0.7723214285714286,0.7,0.8584070796460177,0.8095238095238095
Original,video63,3433,0.8138654238275561,0.6932028040664511,0.7975718351076392,0.5449299979750848,1.0,0.991130820399113,0.625,0.9343459088682019,0.8047808764940239,0.2324561403508772,0.2647058823529412,0.5,0.7589134125636672,1.0,0.8345733041575493,0.8145161290322581,1.0,0.675,0.5,0.7537942664418212,0.625,0.7883422902025631,0.6801346801346801,0.2324561403508772,0.23478260869565218
Original,video64,2398,0.871976647206005,0.8806467922302075,0.8807543399356763,0.7762790871435142,0.8026315789473685,1.0,0.8969072164948454,0.7550403225806451,0.8495575221238938,0.8695652173913043,0.9908256880733946,1.0,0.8049242424242424,0.8446601941747572,0.9803664921465969,0.9411764705882353,0.7821229050279329,0.8120300751879699,0.8026315789473685,0.8049242424242424,0.7699115044247787,0.7437934458788481,0.8067226890756303,0.7,0.8059701492537313
Original,video65,1873,0.9337960491190603,0.7053194831651668,0.7427915630699562,0.6379391132776329,1.0,0.9714285714285714,0.8677685950413223,1.0,0.7647058823529411,0.0,0.3333333333333333,0.751004016064257,0.9877094972067039,0.9722222222222222,0.9525691699604744,0.8333333333333334,0.0,0.7027027027027027,0.751004016064257,0.9598262757871878,0.8467741935483871,0.9525691699604744,0.6632653061224489,0.0,0.29213483146067415
Original,video66,1824,0.9528508771929824,0.909626471385297,0.8794990478936794,0.8278053737951344,0.9615384615384616,0.9908536585365854,0.9329268292682927,0.9559412550066756,0.855072463768116,0.6710526315789473,1.0,1.0,0.9984639016897081,0.95625,0.984869325997249,0.7108433734939759,0.5930232558139535,0.9130434782608695,0.9615384615384616,0.989345509893455,0.8947368421052632,0.9421052631578948,0.6344086021505376,0.4594594594594595,0.9130434782608695
Original,video67,2353,0.9001274968125796,0.7978611426420869,0.9164017742862988,0.7322190693393745,1.0,0.9563106796116505,0.7552447552447552,0.9666295884315906,0.568,0.33884297520661155,1.0,0.8134715025906736,0.9259694477085781,0.9908256880733946,0.8777777777777778,0.8987341772151899,0.9534883720930233,0.9545454545454546,0.8134715025906736,0.8883878241262683,0.75,0.8519607843137255,0.5338345864661654,0.3333333333333333,0.9545454545454546
Original,video68,1972,0.8772819472616633,0.8392477606226798,0.8545223501824818,0.7023866556030446,1.0,0.9395886889460154,0.7941176470588235,0.8904593639575972,0.673469387755102,0.9770992366412213,0.6,0.5392156862745098,0.8839177750906893,1.0,0.9455909943714822,0.9565217391304348,0.6564102564102564,1.0,0.5392156862745098,0.8363844393592678,0.7941176470588235,0.8470588235294118,0.6534653465346535,0.6464646464646465,0.6
Original,video69,4575,0.9709289617486339,0.8234105775571293,0.7976801884191865,0.7736128638623152,0.9583333333333334,0.9994079336885732,0.9957537154989384,0.978978978978979,0.8406593406593407,0.0,0.9907407407407407,1.0,0.9982259018332348,0.916015625,0.985390428211587,0.7536945812807881,0.0,0.9304347826086956,0.9583333333333334,0.9976359338061466,0.9124513618677043,0.9649728663048841,0.6594827586206896,0.0,0.9224137931034483
Original,video70,1194,0.8969849246231156,0.7649223118413919,0.783731066149595,0.6965258346330325,0.7954545454545454,0.9919354838709677,0.8878504672897196,0.8164705882352942,0.8627450980392157,0.0,1.0,1.0,0.9820359281437125,0.95,0.9506849315068493,0.967032967032967,0.0,0.6363636363636364,0.7954545454545454,0.9742574257425742,0.8482142857142857,0.7832957110609481,0.8380952380952381,0.0,0.6363636363636364
Original,video71,2515,0.8874751491053678,0.7551880394354827,0.7365008037277725,0.6614039606140842,1.0,0.9655831739961759,0.8382352941176471,0.8133462282398453,0.8913738019169329,0.0,0.7777777777777778,0.8611111111111112,0.8381742738589212,0.9344262295081968,0.9272326350606395,0.9858657243816255,0.0,0.6086956521739131,0.8611111111111112,0.8138597904915391,0.7916666666666666,0.7645454545454545,0.8801261829652997,0.0,0.5185185185185185
Original,video72,3106,0.8686413393432066,0.8545605286551309,0.8580260949013303,0.7244558489144513,1.0,0.9311449159327462,0.8538461538461538,0.9817204301075269,0.8020833333333334,0.5178907721280602,0.8952380952380953,0.4744525547445255,0.9847586790855207,0.9823008849557522,0.7621035058430717,0.9871794871794872,0.9450171821305842,0.8703703703703703,0.4744525547445255,0.9179163378058406,0.8409090909090909,0.751440329218107,0.7938144329896907,0.5027422303473492,0.7899159663865546
Original,video73,1356,0.9749262536873157,0.9556817046260642,0.9589536697963197,0.9161704062675631,1.0,0.9874015748031496,0.9696969696969697,0.9791666666666666,0.7966101694915254,0.9568965517241379,1.0,0.9484536082474226,0.9952380952380953,0.9230769230769231,0.9825783972125436,1.0,0.9327731092436975,0.9305555555555556,0.9484536082474226,0.9827586206896551,0.897196261682243,0.962457337883959,0.7966101694915254,0.8951612903225806,0.9305555555555556
Original,video74,1634,0.7246022031823746,0.7919116523971048,0.6409884622227574,0.5631659880762201,1.0,0.9214285714285714,0.9084507042253521,0.7299270072992701,0.8981481481481481,0.08542713567839195,1.0,0.4942528735632184,0.6231884057971014,1.0,0.8486562942008486,0.9509803921568627,0.18888888888888888,0.38095238095238093,0.4942528735632184,0.591743119266055,0.9084507042253521,0.6458557588805167,0.8584070796460177,0.0625,0.38095238095238093
Original,video75,1923,0.9214768590743629,0.7059479803186897,0.6717400150482356,0.5672619335672803,1.0,0.8304347826086956,0.7076923076923077,1.0,1.0,0.0,0.40350877192982454,0.4344262295081967,1.0,0.8214285714285714,0.9739932885906041,0.7753623188405797,0.0,0.696969696969697,0.4344262295081967,0.8304347826086956,0.6133333333333333,0.9739932885906041,0.7753623188405797,0.0,0.34328358208955223
Original,video76,2649,0.7617969044922612,0.8774951485074878,0.7016179168217357,0.5879293649366023,1.0,0.9580745341614907,0.9862385321100917,0.6423927178153446,0.5847457627118644,0.9710144927536232,1.0,0.13333333333333333,0.6677489177489178,0.4684095860566449,0.9772502472799208,1.0,0.6979166666666666,0.9666666666666667,0.13333333333333333,0.6487907465825447,0.4653679653679654,0.6329276105060858,0.5847457627118644,0.6836734693877551,0.9666666666666667
Original,video77,2502,0.9172661870503597,0.8780140536453208,0.8849924071497703,0.7632603303718977,1.0,0.8480392156862745,0.9851851851851852,0.9977628635346756,0.8111111111111111,1.0,0.504,0.4375,0.9985569985569985,0.9568345323741008,0.970620239390642,1.0,0.8314350797266514,1.0,0.4375,0.847001223990208,0.9432624113475178,0.9685124864277959,0.8111111111111111,0.8314350797266514,0.504
Original,video78,739,0.8728010825439784,0.8735786828318025,0.7737321005381997,0.6800065758787345,1.0,0.9142857142857143,0.8266666666666667,0.8816568047337278,0.7297297297297297,0.7627118644067796,1.0,0.4318181818181818,1.0,0.96875,0.9197530864197531,0.8571428571428571,0.6164383561643836,0.6222222222222222,0.4318181818181818,0.9142857142857143,0.8051948051948052,0.8186813186813187,0.6506024096385542,0.5172413793103449,0.6222222222222222
Original,video79,3414,0.8632103104862332,0.8269693089842077,0.7480849429108906,0.600448964099276,1.0,0.9770937723693629,0.6073059360730594,0.8689655172413793,0.7410714285714286,0.6351648351648351,0.9591836734693877,0.4074074074074074,0.8727621483375959,0.9925373134328358,0.9290322580645162,0.8137254901960784,0.9413680781758957,0.27976190476190477,0.4074074074074074,0.8552631578947368,0.6045454545454545,0.814874696847211,0.6335877862595419,0.6109936575052854,0.27647058823529413
Original,video80,1724,0.8735498839907193,0.8286681456944616,0.8222053237030895,0.6645295755114567,1.0,0.9717171717171718,0.927007299270073,0.6737400530503979,0.975609756097561,0.28,0.9726027397260274,0.543859649122807,0.891566265060241,0.9621212121212122,0.9657794676806084,0.8695652173913043,0.9545454545454546,0.568,0.543859649122807,0.8690153568202349,0.8943661971830986,0.6580310880829016,0.851063829787234,0.27631578947368424,0.5590551181102362
CRF18,video49,1671,0.9287851585876721,0.8833162441526371,0.9316203377482132,0.8236549345279237,1.0,0.9756838905775076,0.6161616161616161,0.9507640067911715,0.8735632183908046,0.9707446808510638,0.7962962962962963,0.9222222222222223,0.8469656992084432,0.9682539682539683,0.9671848013816926,0.8735632183908046,0.9431524547803618,1.0,0.9222222222222223,0.8294573643410853,0.6039603960396039,0.9210526315789473,0.7755102040816326,0.9170854271356784,0.7962962962962963
CRF18,video50,1094,0.8555758683729433,0.767856053144796,0.6192503292875415,0.5391841608760264,1.0,0.8961748633879781,0.9032258064516129,0.8034398034398035,0.7721518987341772,0.0,1.0,0.22388059701492538,0.861646234676007,0.8,0.9849397590361446,1.0,0.0,0.4642857142857143,0.22388059701492538,0.7834394904458599,0.7368421052631579,0.7936893203883495,0.7721518987341772,0.0,0.4642857142857143
CRF18,video51,2944,0.7856657608695652,0.8709897905264062,0.8415163976031393,0.7370306999182903,1.0,0.9769150052465897,0.8440677966101695,0.5267379679144385,0.8425925925925926,0.9251336898395722,0.9814814814814815,0.9453781512605042,0.8246235606731621,0.3939873417721519,0.9817275747508306,0.978494623655914,0.9251336898395722,0.8412698412698413,0.9453781512605042,0.8088618592528236,0.3672566371681416,0.5216240070609003,0.8272727272727273,0.8606965174129353,0.828125
CRF18,video52,1966,0.9623601220752798,0.946450131317741,0.9556035820221475,0.9034873904323576,0.9565217391304348,0.9486652977412731,0.9731543624161074,0.9695431472081218,0.788235294117647,0.9890310786106032,1.0,1.0,0.9746835443037974,0.8868501529051988,0.9744897959183674,1.0,0.9836363636363636,0.8695652173913043,0.9565217391304348,0.9258517034068137,0.8656716417910447,0.9455445544554455,0.788235294117647,0.9730215827338129,0.8695652173913043
CRF18,video53,3283,0.9034419738044471,0.8280085046598756,0.8587067106603398,0.6964426157730726,1.0,0.9818956336528222,0.7391304347826086,1.0,0.2961165048543689,0.8173784977908689,0.9615384615384616,0.746268656716418,0.8412408759124088,1.0,0.9512378094523631,0.9838709677419355,0.9327731092436975,0.5555555555555556,0.746268656716418,0.8283917340521114,0.7391304347826086,0.9512378094523631,0.2946859903381642,0.7719054242002782,0.5434782608695652
CRF18,video54,3100,0.9132258064516129,0.8950724032482128,0.8283038127196248,0.730684196168414,1.0,0.864530225782957,1.0,0.9987623762376238,0.7087378640776699,0.9740518962075848,0.7194244604316546,0.376,1.0,0.6615384615384615,0.8858397365532382,1.0,0.9818913480885312,0.8928571428571429,0.376,0.864530225782957,0.6615384615384615,0.8848684210526315,0.7087378640776699,0.9568627450980393,0.6622516556291391
CRF18,video55,1037,0.9469623915139826,0.9175457790943821,0.8965397748092692,0.8224925673081949,1.0,0.9644351464435147,0.8985507246376812,1.0,0.9433962264150944,0.6164383561643836,1.0,1.0,1.0,0.7848101265822784,0.9541284403669725,0.9259259259259259,0.9782608695652174,0.6326530612244898,1.0,0.9644351464435147,0.7209302325581395,0.9541284403669725,0.8771929824561403,0.6081081081081081,0.6326530612244898
CRF18,video56,1834,0.836423118865867,0.8290294208775377,0.8455966569860444,0.6871046711305805,1.0,0.9367888748419722,0.6153846153846154,0.778175313059034,0.58,0.8928571428571429,1.0,0.5238095238095238,0.8325842696629213,1.0,0.8365384615384616,1.0,0.9615384615384616,0.7647058823529411,0.5238095238095238,0.7882978723404256,0.6153846153846154,0.6754658385093167,0.58,0.8620689655172413,0.7647058823529411
CRF18,video57,2632,0.8943768996960486,0.8511767502276699,0.9328361441240824,0.7961082796828954,0.993103448275862,0.9962546816479401,0.6385135135135135,0.9110169491525424,0.6637931034482759,0.7555555555555555,1.0,0.993103448275862,0.8142857142857143,0.9593908629441624,0.9297297297297298,0.9506172839506173,0.951048951048951,0.9316770186335404,0.9863013698630136,0.8118006103763988,0.6217105263157895,0.8523290386521308,0.6416666666666667,0.7272727272727273,0.9316770186335404
CRF18,video58,5993,0.6834640413816119,0.7499918687530549,0.8268647305033472,0.6246561834922993,0.9714285714285714,0.9732678668848882,0.33972240581625907,0.630272952853598,0.6041666666666666,0.8526315789473684,0.8784530386740331,0.85,0.5267198110422202,0.7626112759643917,0.9577677224736049,0.9830508474576272,0.8966789667896679,0.8112244897959183,0.8292682926829268,0.519208381839348,0.30723251643753735,0.61323032351521,0.5979381443298969,0.7763578274760383,0.7293577981651376
CRF18,video59,1046,0.9445506692160612,0.9319970547012355,0.8790607232079857,0.8147928380321751,0.9722222222222222,0.9847826086956522,0.9850746268656716,0.9329073482428115,0.9782608695652174,0.6707317073170732,1.0,1.0,0.9977973568281938,0.825,1.0,0.6818181818181818,0.9821428571428571,0.6666666666666666,0.9722222222222222,0.982646420824295,0.8148148148148148,0.9329073482428115,0.6716417910447762,0.6626506024096386,0.6666666666666666
CRF18,video60,2532,0.6453396524486572,0.613459305571201,0.7615466098516762,0.49828193191199543,1.0,0.9890981169474727,0.7934782608695652,0.1312997347480106,0.8046875,0.4050632911392405,0.17058823529411765,0.9287925696594427,0.5613048368953881,0.8690476190476191,0.9339622641509434,0.9537037037037037,0.3404255319148936,0.7435897435897436,0.9287925696594427,0.557853549468977,0.7087378640776699,0.13009198423127463,0.7744360902255639,0.22695035460992907,0.16111111111111112
CRF18,video61,4409,0.8961215695168973,0.7352898167080663,0.7539800938458526,0.5844107353018939,1.0,0.8339191564147628,0.8711656441717791,0.9797771357820884,0.36818181818181817,0.5,0.5939849624060151,0.7142857142857143,0.983419689119171,0.743455497382199,0.928068803752932,1.0,0.08571428571428572,0.8229166666666666,0.7142857142857143,0.8223570190641247,0.6698113207547169,0.9106252397391638,0.36818181818181817,0.07894736842105263,0.5266666666666666
CRF18,video62,2032,0.8366141732283464,0.8690819233009704,0.8859581381877778,0.7703140556363771,1.0,1.0,0.6565656565656566,0.7144340602284528,0.8541666666666666,0.8584070796460177,1.0,1.0,0.7214953271028037,0.9285714285714286,0.9828571428571429,0.7592592592592593,1.0,0.8095238095238095,1.0,0.7214953271028037,0.625,0.7056410256410256,0.6721311475409836,0.8584070796460177,0.8095238095238095
CRF18,video63,3433,0.850276725895718,0.7257605715018911,0.7705042669896339,0.5801685102255775,1.0,0.9865900383141762,0.8490566037735849,0.9654846335697399,0.8484848484848485,0.2542372881355932,0.17647058823529413,0.6583333333333333,0.8743633276740238,1.0,0.8936542669584245,0.45161290322580644,0.9905660377358491,0.525,0.6583333333333333,0.8640939597315436,0.8490566037735849,0.8659881255301103,0.417910447761194,0.2536231884057971,0.15217391304347827
CRF18,video64,2398,0.8911592994161801,0.8654443859248857,0.9026113070323637,0.7843917491842419,0.7349397590361446,1.0,0.7844827586206896,0.801762114537445,0.8558558558558559,0.9056603773584906,0.9754098360655737,1.0,0.8513257575757576,0.883495145631068,0.9528795811518325,0.9313725490196079,0.8044692737430168,0.8947368421052632,0.7349397590361446,0.8513257575757576,0.7109375,0.7711864406779662,0.8050847457627118,0.7422680412371134,0.875
CRF18,video65,1873,0.9375333689268553,0.7170867982538163,0.7801367713543499,0.6637005838961887,1.0,0.971815107102593,0.7588652482269503,0.9979550102249489,0.8222222222222222,0.0,0.46875,0.7831325301204819,0.9631284916201117,0.9907407407407407,0.9644268774703557,0.9487179487179487,0.0,0.8108108108108109,0.7831325301204819,0.9369565217391305,0.7535211267605634,0.9625246548323472,0.7872340425531915,0.0,0.4225352112676056
CRF18,video66,1824,0.9599780701754386,0.8968884835511431,0.9122998112893853,0.8312653807478511,0.78125,0.989247311827957,0.8947368421052632,0.9861878453038674,0.8823529411764706,0.7444444444444445,1.0,1.0,0.989247311827957,0.95625,0.9821182943603851,0.7228915662650602,0.7790697674418605,0.9565217391304348,0.78125,0.9787234042553191,0.8595505617977528,0.9687924016282226,0.6593406593406593,0.6146788990825688,0.9565217391304348
CRF18,video67,2353,0.9116022099447514,0.8147545074398244,0.9192557380952247,0.7453537484211407,0.9738562091503268,0.9492502883506344,0.8320610687022901,0.9965596330275229,0.6422018348623854,0.30935251798561153,1.0,0.772020725388601,0.9670975323149236,1.0,0.8777777777777778,0.8860759493670886,1.0,0.9318181818181818,0.7563451776649747,0.9195530726256983,0.8320610687022901,0.8751258811681772,0.5932203389830508,0.30935251798561153,0.9318181818181818
CRF18,video68,1972,0.9117647058823529,0.8581587652851856,0.8651310703124759,0.7394761605958797,1.0,0.9489916963226572,0.9,0.9613899613899614,0.6296296296296297,0.9315068493150684,0.635593220338983,0.5784313725490197,0.9673518742442564,1.0,0.9343339587242027,0.9855072463768116,0.6974358974358974,0.8928571428571429,0.5784313725490197,0.9195402298850575,0.9,0.9005424954792043,0.6238532110091743,0.6634146341463415,0.5905511811023622
CRF18,video69,4575,0.9597814207650274,0.8101334798356464,0.7685810521886648,0.7369117551113991,1.0,0.995872641509434,0.9716157205240175,0.9656716417910448,0.7755102040816326,0.0,0.9622641509433962,0.8985507246376812,0.9988172678888232,0.869140625,0.9778337531486146,0.7487684729064039,0.0,0.8869565217391304,0.8985507246376812,0.9946996466431095,0.8476190476190476,0.944985394352483,0.6153846153846154,0.0,0.8571428571428571
CRF18,video70,1194,0.8877721943048577,0.8074683761886645,0.7328974749211868,0.64061612207038,0.7608695652173914,0.9839357429718876,0.9578947368421052,0.8218527315914489,0.794392523364486,0.3333333333333333,1.0,1.0,0.9780439121756487,0.91,0.947945205479452,0.9340659340659341,0.0875,0.2727272727272727,0.7608695652173914,0.962671905697446,0.875,0.7863636363636364,0.7522123893805309,0.07446808510638298,0.2727272727272727
CRF18,video71,2515,0.8640159045725646,0.7291771870779881,0.731724261197616,0.6267072333471422,0.7659574468085106,0.9746192893401016,0.7833333333333333,0.7744916820702403,0.8683385579937304,0.0,0.9375,1.0,0.7966804979253111,0.7704918032786885,0.9239250275633958,0.9787985865724381,0.0,0.6521739130434783,0.7659574468085106,0.7804878048780488,0.6351351351351351,0.7280625543006082,0.8523076923076923,0.0,0.625
CRF18,video72,3106,0.8316162266580811,0.7992325571079402,0.8719151314725374,0.6835432643080855,1.0,0.9270248596631917,0.47435897435897434,1.0,0.8064516129032258,0.5,0.8867924528301887,0.708029197080292,0.97883149872989,0.9823008849557522,0.6435726210350584,0.9615384615384616,0.9587628865979382,0.8703703703703703,0.708029197080292,0.9088050314465409,0.4703389830508475,0.6435726210350584,0.78125,0.48947368421052634,0.7833333333333333
CRF18,video73,1356,0.9594395280235988,0.9519883371830004,0.9208989721495453,0.875136487519151,1.0,0.9859154929577465,0.987012987012987,0.9158576051779935,0.8703703703703703,0.9047619047619048,1.0,0.9381443298969072,1.0,0.7307692307692307,0.9860627177700348,1.0,0.957983193277311,0.8333333333333334,0.9381443298969072,0.9859154929577465,0.7238095238095238,0.9041533546325878,0.8703703703703703,0.8702290076335878,0.8333333333333334
CRF18,video74,1634,0.7643818849449204,0.8278096787300832,0.7076604970619466,0.6315093625656519,1.0,0.9204244031830239,0.9473684210526315,0.8181818181818182,0.9696969696969697,0.138996138996139,1.0,0.6781609195402298,0.8381642512077294,0.9767441860465116,0.7765205091937766,0.9411764705882353,0.4,0.34285714285714286,0.6781609195402298,0.7815315315315315,0.9264705882352942,0.6622436670687576,0.9142857142857143,0.11501597444089456,0.34285714285714286
CRF18,video75,1923,0.9344773790951638,0.6904203012912785,0.7366641312185171,0.6282439053687409,1.0,0.9204819277108434,0.5340909090909091,1.0,0.9821428571428571,0.0,0.39622641509433965,0.9426229508196722,1.0,0.8392857142857143,0.9412751677852349,0.7971014492753623,0.0,0.6363636363636364,0.9426229508196722,0.9204819277108434,0.4845360824742268,0.9412751677852349,0.7857142857142857,0.0,0.3230769230769231
CRF18,video76,2649,0.787844469611174,0.8732095110771583,0.746054890948976,0.6416239915761228,1.0,0.96875,0.85625,0.6823529411764706,0.71875,0.8863636363636364,1.0,0.3333333333333333,0.670995670995671,0.5969498910675382,0.9752720079129574,1.0,0.8125,0.8333333333333334,0.3333333333333333,0.6567796610169492,0.5425742574257426,0.6707482993197279,0.71875,0.7358490566037735,0.8333333333333334
CRF18,video77,2502,0.9356514788169464,0.8847449853509932,0.9108150335028445,0.7963777406919041,0.9908256880733946,0.90234375,1.0,0.9989047097480832,0.8202247191011236,1.0,0.48091603053435117,0.6136363636363636,1.0,0.9496402877697842,0.9923830250272034,1.0,0.8200455580865603,1.0,0.6101694915254238,0.90234375,0.9496402877697842,0.991304347826087,0.8202247191011236,0.8200455580865603,0.48091603053435117
CRF18,video78,739,0.8768606224627875,0.8836668657493033,0.7796063640160182,0.6860295011229941,1.0,0.935064935064935,0.8533333333333334,0.8388888888888889,0.7073170731707317,0.851063829787234,1.0,0.5454545454545454,1.0,1.0,0.9320987654320988,0.9206349206349206,0.547945205479452,0.5111111111111111,0.5454545454545454,0.935064935064935,0.8533333333333334,0.7905759162303665,0.6666666666666666,0.5,0.5111111111111111
CRF18,video79,3414,0.8591095489162273,0.8541390718017073,0.7418015775334086,0.6135409116507111,1.0,0.9785819793205317,0.6802030456852792,0.8250591016548463,0.8444444444444444,0.6506849315068494,1.0,0.46296296296296297,0.8471867007672634,1.0,0.9649769585253456,0.7450980392156863,0.9283387622149837,0.24404761904761904,0.46296296296296297,0.8317639673571877,0.6802030456852792,0.801071155317521,0.6551724137931034,0.6195652173913043,0.24404761904761904
CRF18,video80,1724,0.861368909512761,0.7999275682478825,0.8082873621138996,0.6600050767398281,1.0,0.9801462904911181,0.8951048951048951,0.6313131313131313,0.8723404255319149,0.22058823529411764,1.0,0.7192982456140351,0.8693234476367007,0.9696969696969697,0.9505703422053232,0.8913043478260869,0.6818181818181818,0.576,0.7192982456140351,0.8542805100182149,0.8707482993197279,0.6112469437652812,0.7884615384615384,0.2,0.576
CRF23,video49,1671,0.9467384799521245,0.9189874959213993,0.9247442575630188,0.8512981204113913,1.0,0.9346733668341709,0.8695652173913043,0.9855595667870036,0.8041237113402062,0.961439588688946,0.8775510204081632,0.7333333333333333,0.9815303430079155,0.9523809523809523,0.9430051813471503,0.896551724137931,0.9664082687338501,1.0,0.7333333333333333,0.9185185185185185,0.8333333333333334,0.9301533219761499,0.7358490566037735,0.9303482587064676,0.8775510204081632
CRF23,video50,1094,0.9250457038391224,0.8007557662629293,0.6434986074252581,0.5912506048942328,1.0,0.9168026101141925,0.9615384615384616,0.9674556213017751,0.759493670886076,0.0,1.0,0.373134328358209,0.9842381786339754,0.7142857142857143,0.9849397590361446,0.9836065573770492,0.0,0.4642857142857143,0.373134328358209,0.9035369774919614,0.6944444444444444,0.9533527696793003,0.75,0.0,0.4642857142857143
CRF23,video51,2944,0.7894021739130435,0.8308889781378477,0.8363284379598512,0.6979884471616203,1.0,0.9945414847161572,0.8559322033898306,0.5431985294117647,0.9333333333333333,0.8669950738916257,0.6222222222222222,0.8529411764705882,0.8069087688219664,0.47943037974683544,0.9817275747508306,0.9032258064516129,0.9411764705882353,0.8888888888888888,0.8529411764705882,0.8033509700176367,0.44363103953147875,0.5377616014558689,0.8484848484848485,0.822429906542056,0.5773195876288659
CRF23,video52,1966,0.9455747711088505,0.9334961611867483,0.9409012352733318,0.8761130005385404,0.9732142857142857,0.8803738317757009,0.9922178988326849,0.9798488664987406,0.7444444444444445,0.9887640449438202,0.975609756097561,0.990909090909091,0.9936708860759493,0.7798165137614679,0.9923469387755102,1.0,0.96,0.8695652173913043,0.9646017699115044,0.8754646840148699,0.7750759878419453,0.9725,0.7444444444444445,0.9496402877697842,0.851063829787234
CRF23,video53,3283,0.9131891562595187,0.8314600416498047,0.8659365246533641,0.7077453854605215,1.0,0.9809926082365364,0.7142857142857143,0.9930662557781201,0.38271604938271603,0.8205882352941176,0.9285714285714286,0.7313432835820896,0.8476277372262774,1.0,0.9669917479369843,1.0,0.9378151260504202,0.5777777777777777,0.7313432835820896,0.8339317773788151,0.7142857142857143,0.9605067064083458,0.38271604938271603,0.7782426778242678,0.5531914893617021
CRF23,video54,3100,0.8738709677419355,0.911165952603022,0.8833537236480399,0.7976962379348578,1.0,0.7804076265614727,0.9533678756476683,0.9983164983164983,0.7128712871287128,0.97165991902834,0.9615384615384616,0.744,1.0,0.9435897435897436,0.6509330406147091,0.9863013698630136,0.96579476861167,0.8928571428571429,0.744,0.7804076265614727,0.9019607843137255,0.6502192982456141,0.7058823529411765,0.9393346379647749,0.8620689655172413
CRF23,video55,1037,0.9296046287367405,0.8952212891225145,0.8656741437498845,0.7750639535375808,1.0,0.9564315352697096,0.8428571428571429,1.0,0.9130434782608695,0.5542168674698795,1.0,0.9523809523809523,1.0,0.7468354430379747,0.9296636085626911,0.7777777777777778,1.0,0.6530612244897959,0.9523809523809523,0.9564315352697096,0.6555555555555556,0.9296636085626911,0.7241379310344828,0.5542168674698795,0.6530612244897959
CRF23,video56,1834,0.8751363140676118,0.8799424543693616,0.8627263637550511,0.7512189365976937,1.0,0.9368421052631579,0.8571428571428571,0.839924670433145,0.6149732620320856,0.9107142857142857,1.0,0.4857142857142857,0.9,1.0,0.8576923076923076,0.9913793103448276,0.9807692307692307,0.8235294117647058,0.4857142857142857,0.8485169491525424,0.8571428571428571,0.7371900826446282,0.6117021276595744,0.8947368421052632,0.8235294117647058
CRF23,video57,2632,0.9183130699088146,0.8849432275640515,0.9207350591663646,0.8201985395351039,1.0,1.0,0.6631578947368421,0.9219712525667351,0.7142857142857143,0.9016393442622951,0.9935483870967742,1.0,0.863265306122449,0.9593908629441624,0.9708108108108108,0.9259259259259259,0.7692307692307693,0.9565217391304348,1.0,0.863265306122449,0.6450511945392492,0.8971028971028971,0.6756756756756757,0.7096774193548387,0.9506172839506173
CRF23,video58,5993,0.7495411313198732,0.7943211144535285,0.7622328205555909,0.6149625770912251,1.0,0.9853862212943633,0.42528735632183906,0.5857271095152603,0.7945205479452054,0.7774566473988439,0.991869918699187,0.5625,0.6967818128136994,0.4940652818991098,0.9841628959276018,0.9830508474576272,0.992619926199262,0.6224489795918368,0.5625,0.6896551724137931,0.29626334519572955,0.5802578923966207,0.7837837837837838,0.7729885057471264,0.6192893401015228
CRF23,video59,1046,0.9244741873804971,0.9363928377871892,0.8244408369408368,0.7640074598491952,1.0,0.9360824742268041,1.0,0.9182389937106918,0.9767441860465116,0.7236842105263158,1.0,0.7714285714285715,1.0,0.5875,1.0,0.6363636363636364,0.9821428571428571,0.7936507936507936,0.7714285714285715,0.9360824742268041,0.5875,0.9182389937106918,0.6268656716417911,0.7142857142857143,0.7936507936507936
CRF23,video60,2532,0.7302527646129542,0.7367851954493122,0.7179830857420708,0.5556245656131792,1.0,0.9467061435973353,0.8192771084337349,0.14946070878274267,0.8348623853211009,0.5106382978723404,0.896551724137931,0.8173374613003096,0.7193475815523059,0.8095238095238095,0.9150943396226415,0.8425925925925926,0.2553191489361702,0.6666666666666666,0.8173374613003096,0.6913513513513514,0.6868686868686869,0.1474164133738602,0.7222222222222222,0.20512820512820512,0.6190476190476191
CRF23,video61,4409,0.9163075527330461,0.8363649832332686,0.8604338112370268,0.7181913342178765,0.9971098265895953,0.8670886075949367,0.8827160493827161,0.980634528224145,0.3698630136986301,0.7571428571428571,1.0,0.7700892857142857,0.9937823834196892,0.7486910994764397,0.9304143862392494,1.0,0.7571428571428571,0.8229166666666666,0.7683741648106904,0.862410071942446,0.680952380952381,0.9136276391554703,0.3698630136986301,0.6091954022988506,0.8229166666666666
CRF23,video62,2032,0.9089566929133859,0.8852843088605054,0.8924830350720542,0.7989031181255347,1.0,0.916287534121929,0.7078651685393258,0.9320987654320988,0.8723404255319149,0.8636363636363636,0.9047619047619048,0.9,0.9411214953271028,0.9,0.8628571428571429,0.7592592592592593,0.979381443298969,0.9047619047619048,0.9,0.8666092943201377,0.65625,0.8118279569892473,0.6833333333333333,0.8482142857142857,0.8260869565217391
CRF23,video63,3433,0.8135741334110108,0.6672341853426017,0.7604565960677085,0.5054575514256653,1.0,0.9877622377622378,0.46875,0.9937532535137948,0.7790697674418605,0.18088737201365188,0.2604166666666667,0.6333333333333333,0.9592529711375212,1.0,0.8354485776805252,0.2701612903225806,1.0,0.625,0.6333333333333333,0.947986577181208,0.46875,0.8310840226382238,0.250936329588015,0.18088737201365188,0.22522522522522523
CRF23,video64,2398,0.9065888240200167,0.8769219472888652,0.8827743770352132,0.7804852701460907,0.7349397590361446,1.0,0.897196261682243,0.8374439461883408,0.8952380952380953,0.7834394904458599,0.9901960784313726,1.0,0.9015151515151515,0.9320388349514563,0.9777486910994765,0.9215686274509803,0.6871508379888268,0.7593984962406015,0.7349397590361446,0.9015151515151515,0.8421052631578947,0.8217821782178217,0.831858407079646,0.5774647887323944,0.753731343283582
CRF23,video65,1873,0.9348638547784304,0.7119596186925519,0.7451214935271638,0.6532341204086581,1.0,0.9730639730639731,0.7925925925925926,0.9959677419354839,0.872093023255814,0.0,0.35,0.751004016064257,0.9687150837988827,0.9907407407407407,0.9762845849802372,0.9615384615384616,0.0,0.5675675675675675,0.751004016064257,0.9434167573449401,0.7867647058823529,0.9724409448818898,0.8426966292134831,0.0,0.27631578947368424
CRF23,video66,1824,0.9577850877192983,0.927127176632974,0.89269427056161,0.8511558444881328,1.0,0.9893617021276596,0.9329268292682927,0.9597855227882037,0.9104477611940298,0.6973684210526315,1.0,1.0,1.0,0.95625,0.984869325997249,0.7349397590361446,0.6162790697674418,0.9565217391304348,1.0,0.9893617021276596,0.8947368421052632,0.9458388375165125,0.6853932584269663,0.48623853211009177,0.9565217391304348
CRF23,video67,2353,0.9273268168295793,0.8174954165216803,0.94929840540546,0.7762280490886388,0.979381443298969,0.9963008631319359,0.7328767123287672,0.9977324263038548,0.7,0.3161764705882353,1.0,0.9844559585492227,0.9494712103407755,0.981651376146789,0.8888888888888888,0.8860759493670886,1.0,0.9545454545454546,0.9644670050761421,0.9461358313817331,0.722972972972973,0.8870967741935484,0.6422018348623854,0.3161764705882353,0.9545454545454546
CRF23,video68,1972,0.8930020283975659,0.8482321138188302,0.858178186903217,0.7146538579120917,1.0,0.935881627620222,0.75,0.9561904761904761,0.6947368421052632,0.972027972027972,0.6287878787878788,0.49019607843137253,0.9177750906892382,1.0,0.9418386491557224,0.9565217391304348,0.7128205128205128,0.9880952380952381,0.49019607843137253,0.863481228668942,0.75,0.9028776978417267,0.673469387755102,0.6984924623115578,0.6240601503759399
CRF23,video69,4575,0.979672131147541,0.8219380251787868,0.8057015438260174,0.7810004066215157,0.9565217391304348,0.9994075829383886,0.9980506822612085,0.9994890137966275,0.8435754189944135,0.0,0.9565217391304348,0.9565217391304348,0.9976345357776464,1.0,0.985390428211587,0.7438423645320197,0.0,0.9565217391304348,0.9166666666666666,0.9970449172576832,0.9980506822612085,0.9848942598187311,0.6536796536796536,0.0,0.9166666666666666
CRF23,video70,1194,0.8961474036850922,0.8264208253641162,0.8012029833406845,0.7086767521715709,0.7954545454545454,0.9979550102249489,0.8319327731092437,0.8192771084337349,0.8787878787878788,0.46153846153846156,1.0,1.0,0.9740518962075848,0.99,0.9315068493150684,0.9560439560439561,0.075,0.6818181818181818,0.7954545454545454,0.9721115537848606,0.825,0.7727272727272727,0.8446601941747572,0.06896551724137931,0.6818181818181818
CRF23,video71,2515,0.8763419483101391,0.7564118226712211,0.6868425635253808,0.6145814610963402,1.0,0.9575289575289575,0.873015873015873,0.8016917293233082,0.8848684210526315,0.0,0.7777777777777778,0.5833333333333334,0.8232365145228215,0.9016393442622951,0.9404630650496141,0.950530035335689,0.0,0.6086956521739131,0.5833333333333334,0.7942353883106485,0.7971014492753623,0.7629695885509838,0.8459119496855346,0.0,0.5185185185185185
CRF23,video72,3106,0.7887958789439794,0.787293559767301,0.8386362292896035,0.6345221304422056,1.0,0.8935361216730038,0.4497991967871486,1.0,0.7835051546391752,0.4430379746835443,0.9411764705882353,0.5255474452554745,0.9949195596951735,0.9911504424778761,0.5333889816360601,0.9743589743589743,0.9621993127147767,0.8888888888888888,0.5255474452554745,0.8894776684330054,0.448,0.5333889816360601,0.7676767676767676,0.4354587869362364,0.8421052631578947
CRF23,video73,1356,0.9800884955752213,0.9671380869145695,0.9674656092877568,0.9364902102456368,1.0,0.9921135646687698,0.9489795918367347,0.9756944444444444,0.8867924528301887,0.9663865546218487,1.0,0.9896907216494846,0.9984126984126984,0.8942307692307693,0.9790940766550522,1.0,0.9663865546218487,0.9444444444444444,0.9896907216494846,0.9905511811023622,0.8532110091743119,0.95578231292517,0.8867924528301887,0.9349593495934959,0.9444444444444444
CRF23,video74,1634,0.817625458996328,0.8294970439862253,0.7325054637189391,0.6598895523784835,1.0,0.8826086956521739,0.9826086956521739,0.8818181818181818,0.9326923076923077,0.17553191489361702,0.9512195121951219,0.7586206896551724,0.9806763285024155,0.875968992248062,0.8231966053748232,0.9509803921568627,0.36666666666666664,0.37142857142857144,0.7586206896551724,0.8675213675213675,0.8625954198473282,0.7414012738853503,0.8899082568807339,0.1346938775510204,0.3644859813084112
CRF23,video75,1923,0.9256370254810192,0.7087346425056509,0.7069129204355631,0.6047570085009057,1.0,0.8526785714285714,0.5647058823529412,1.0,0.9761904761904762,0.0,0.5675675675675675,0.6147540983606558,1.0,0.8571428571428571,0.9488255033557047,0.8913043478260869,0.0,0.6363636363636364,0.6147540983606558,0.8526785714285714,0.5161290322580645,0.9488255033557047,0.8723404255319149,0.0,0.42857142857142855
CRF23,video76,2649,0.7957719894299736,0.8963463530595677,0.7723996772824168,0.6786916384573043,1.0,0.971473851030111,0.9403973509933775,0.6775288526816021,0.711340206185567,0.9736842105263158,1.0,0.4,0.6634199134199135,0.6187363834422658,0.9871414441147379,1.0,0.7708333333333334,0.9666666666666667,0.4,0.6507430997876857,0.5953878406708596,0.6716016150740243,0.711340206185567,0.7551020408163265,0.9666666666666667
CRF23,video77,2502,0.919664268585132,0.8763710443147499,0.8967614629330336,0.7807415646482546,0.9464285714285714,0.8646616541353384,0.9763779527559056,0.9852774631936579,0.8390804597701149,0.9973474801061007,0.5254237288135594,0.6022727272727273,0.9956709956709957,0.8920863309352518,0.9466811751904244,1.0,0.856492027334852,0.9841269841269841,0.5824175824175825,0.8614232209737828,0.8732394366197183,0.9334763948497854,0.8390804597701149,0.8545454545454545,0.5210084033613446
CRF23,video78,739,0.8728010825439784,0.8663805463130415,0.7839906251578627,0.6991118998691795,1.0,0.9568106312292359,0.8805970149253731,0.7857142857142857,0.7671232876712328,0.6744186046511628,1.0,0.8181818181818182,1.0,0.921875,0.9506172839506173,0.8888888888888888,0.3972602739726027,0.5111111111111111,0.8181818181818182,0.9568106312292359,0.8194444444444444,0.7549019607843137,0.7,0.3333333333333333,0.5111111111111111
CRF23,video79,3414,0.8886936145284124,0.8480423430184786,0.7580916047418089,0.6230028958273977,1.0,0.9788251366120219,0.5972850678733032,0.9221128021486124,0.7798165137614679,0.658256880733945,1.0,0.42592592592592593,0.9162404092071611,0.9850746268656716,0.9493087557603687,0.8333333333333334,0.9348534201954397,0.2619047619047619,0.42592592592592593,0.8984326018808777,0.5919282511210763,0.878839590443686,0.6746031746031746,0.6293859649122807,0.2619047619047619
CRF23,video80,1724,0.8816705336426914,0.7904848989198562,0.7874621068538696,0.6264692623357012,1.0,0.9735034347399412,0.8943661971830986,0.7296511627906976,0.7288135593220338,0.23880597014925373,0.9682539682539683,0.5263157894736842,0.9193697868396663,0.9621212121212122,0.9543726235741445,0.9347826086956522,0.7272727272727273,0.488,0.5263157894736842,0.8969258589511754,0.8639455782312925,0.7050561797752809,0.6935483870967742,0.2191780821917808,0.48031496062992124
CRF28,video49,1671,0.8982645122681029,0.8425867740853831,0.9042537288540468,0.7570681347098833,1.0,0.9351351351351351,0.6116504854368932,1.0,0.7722772277227723,0.8854961832061069,0.6935483870967742,0.7333333333333333,0.9129287598944591,1.0,0.8877374784110535,0.896551724137931,0.8992248062015504,1.0,0.7333333333333333,0.858560794044665,0.6116504854368932,0.8877374784110535,0.7090909090909091,0.8055555555555556,0.6935483870967742
CRF28,video50,1094,0.9204753199268738,0.7826838930109019,0.6589195612259993,0.6023000593541095,1.0,0.8987341772151899,0.7352941176470589,0.9876160990712074,0.8571428571428571,0.0,1.0,0.208955223880597,0.9947460595446584,0.7142857142857143,0.9608433734939759,0.9836065573770492,0.0,0.75,0.208955223880597,0.8944881889763779,0.5681818181818182,0.9494047619047619,0.8450704225352113,0.0,0.75
CRF28,video51,2944,0.7819293478260869,0.8553221112619648,0.8124308744189419,0.6950765613476644,1.0,0.9320113314447592,0.8922558922558923,0.5393154486586494,0.9207920792079208,0.8834355828220859,0.8194444444444444,0.7184873949579832,0.8742249778565102,0.41930379746835444,0.96843853820598,1.0,0.7700534759358288,0.9365079365079365,0.7184873949579832,0.8218151540383014,0.3990963855421687,0.53,0.9207920792079208,0.6990291262135923,0.7763157894736842
CRF28,video52,1966,0.944557477110885,0.9254073186203307,0.9516554807536676,0.8799537712387296,0.9734513274336283,0.8803738317757009,0.9960629921259843,0.9701492537313433,0.7222222222222222,0.9980916030534351,0.9375,1.0,0.9936708860759493,0.7737003058103975,0.9948979591836735,0.9701492537313433,0.9509090909090909,0.9782608695652174,0.9734513274336283,0.8754646840148699,0.7713414634146342,0.9653465346534653,0.7065217391304348,0.9491833030852994,0.9183673469387755
CRF28,video53,3283,0.8933901918976546,0.8086582543835988,0.8697481608418786,0.6870311788434007,1.0,0.9823834196891191,0.5743243243243243,0.9870525514089871,0.2605042016806723,0.8563432835820896,1.0,0.746268656716418,0.864963503649635,1.0,0.9722430607651913,1.0,0.7714285714285715,0.7333333333333333,0.746268656716418,0.8517520215633423,0.5743243243243243,0.96,0.2605042016806723,0.6830357142857143,0.7333333333333333
CRF28,video54,3100,0.932258064516129,0.8711081023749812,0.8662633804092484,0.7481177330591072,0.9661016949152542,0.9518072289156626,0.9302325581395349,0.9988518943742825,0.7553191489361702,0.9954441913439636,0.5,0.456,0.9983150800336984,0.8205128205128205,0.9549945115257958,0.9726027397260274,0.8792756539235412,0.9821428571428571,0.44881889763779526,0.95028067361668,0.7729468599033816,0.9539473684210527,0.7395833333333334,0.875751503006012,0.4954954954954955
CRF28,video55,1037,0.9334619093539055,0.9031277172523146,0.8988318217159456,0.8179239322104638,1.0,0.9408163265306122,0.8928571428571429,1.0,0.8596491228070176,0.6285714285714286,1.0,1.0,1.0,0.6329113924050633,0.9174311926605505,0.9074074074074074,0.9565217391304348,0.8775510204081632,1.0,0.9408163265306122,0.5882352941176471,0.9174311926605505,0.7903225806451613,0.6111111111111112,0.8775510204081632
CRF28,video56,1834,0.9045801526717557,0.8687366822210688,0.8486659400147266,0.729588883865686,1.0,0.9407407407407408,0.9019607843137255,0.9907834101382489,0.5658536585365853,0.9318181818181818,0.75,0.4857142857142857,0.998876404494382,0.9583333333333334,0.8269230769230769,1.0,0.7884615384615384,0.8823529411764706,0.4857142857142857,0.9397463002114165,0.8679245283018868,0.8206106870229007,0.5658536585365853,0.7454545454545455,0.6818181818181818
CRF28,video57,2632,0.9460486322188449,0.9075192605924162,0.9163386245975423,0.8438764550084603,0.9539473684210527,0.9927385892116183,0.893491124260355,0.9396186440677966,0.8202247191011236,0.8055555555555556,0.9470588235294117,1.0,0.976530612244898,0.766497461928934,0.9589189189189189,0.9012345679012346,0.8111888111888111,1.0,0.9539473684210527,0.9696048632218845,0.7023255813953488,0.9032586558044806,0.7525773195876289,0.6783625730994152,0.9470588235294117
CRF28,video58,5993,0.7315201067912565,0.6420092013492831,0.797707241136867,0.5316809406938193,0.36097560975609755,0.9276867758689572,0.4004550625711035,0.6598602901665771,0.5315315315315315,0.8701923076923077,0.7433628318584071,0.925,0.6855624446412755,0.5222551928783383,0.9260935143288085,1.0,0.6678966789667896,0.8571428571428571,0.35071090047393366,0.6507847533632287,0.29308909242298087,0.6268504338948443,0.5315315315315315,0.6073825503355704,0.6614173228346457
CRF28,video59,1046,0.9282982791586998,0.9336275581419856,0.8656468585773869,0.8029172255799997,1.0,0.9478079331941545,1.0,0.9218241042345277,0.9782608695652174,0.6875,1.0,1.0,1.0,0.5375,0.9691780821917808,0.6818181818181818,0.9821428571428571,0.8888888888888888,1.0,0.9478079331941545,0.5375,0.8955696202531646,0.6716417910447762,0.6790123456790124,0.8888888888888888
CRF28,video60,2532,0.7377567140600316,0.7173046690339334,0.7794006412442016,0.5799312119703475,0.9552238805970149,0.9871071716357775,0.8987341772151899,0.14626865671641792,0.911504424778761,0.6071428571428571,0.5151515151515151,0.9907120743034056,0.6889763779527559,0.8452380952380952,0.9245283018867925,0.9537037037037037,0.18085106382978725,0.8717948717948718,0.9467455621301775,0.6828316610925307,0.7717391304347826,0.14454277286135694,0.8728813559322034,0.1619047619047619,0.4788732394366197
CRF28,video61,4409,0.8763892039011114,0.7993352433158268,0.7517722038003846,0.5883407456552268,0.990625,0.7319665907365224,0.8470588235294118,0.9944253859348199,0.3894230769230769,0.9375,0.7043478260869566,0.7075892857142857,0.9989637305699481,0.3769633507853403,0.9065676309616888,1.0,0.42857142857142855,0.84375,0.7028824833702882,0.7314112291350531,0.35294117647058826,0.9019836639439907,0.3894230769230769,0.4166666666666667,0.6230769230769231
CRF28,video62,2032,0.9507874015748031,0.8865780156958495,0.9306939895569409,0.837012978145534,1.0,0.998017839444995,0.6777777777777778,0.9399727148703957,0.8541666666666666,0.8611111111111112,0.875,1.0,0.9411214953271028,0.8714285714285714,0.9842857142857143,0.7592592592592593,0.9587628865979382,1.0,1.0,0.9393656716417911,0.6161616161616161,0.9260752688172043,0.6721311475409836,0.8303571428571429,0.875
CRF28,video63,3433,0.8132828429944655,0.6838873657501603,0.7877612410471635,0.5382183243754199,1.0,0.98014440433213,0.6818181818181818,0.981694560669456,0.7790697674418605,0.2046908315565032,0.15979381443298968,0.55,0.9219015280135824,1.0,0.8214442013129103,0.5403225806451613,0.9056603773584906,0.775,0.55,0.905,0.6818181818181818,0.809051724137931,0.46853146853146854,0.20041753653444677,0.15270935960591134
CRF28,video64,2398,0.9336947456213511,0.9002928496536141,0.9328507307174112,0.8364346992035074,0.6421052631578947,1.0,0.9423076923076923,0.8839390386869871,0.8990825688073395,0.9846153846153847,0.95,1.0,0.915719696969697,0.9514563106796117,0.9869109947643979,0.9607843137254902,0.7150837988826816,1.0,0.6421052631578947,0.915719696969697,0.8990825688073395,0.8736964078794901,0.8672566371681416,0.7071823204419889,0.95
CRF28,video65,1873,0.9636946075814202,0.7665621097754169,0.8072819101836313,0.7240013794533063,1.0,0.9766666666666667,0.856,1.0,0.8904109589041096,0.0,0.6428571428571429,0.891566265060241,0.982122905027933,0.9907407407407407,0.9802371541501976,0.8333333333333334,0.0,0.972972972972973,0.891566265060241,0.9596069868995634,0.8492063492063492,0.9802371541501976,0.7558139534883721,0.0,0.631578947368421
CRF28,video66,1824,0.9594298245614035,0.9348569336173095,0.899309615895546,0.8609939782383836,1.0,0.9863636363636363,0.9371069182389937,0.9585561497326203,0.9154929577464789,0.7464788732394366,1.0,1.0,1.0,0.93125,0.9862448418156808,0.7831325301204819,0.6162790697674418,0.9782608695652174,1.0,0.9863636363636363,0.8764705882352941,0.945910290237467,0.7303370786516854,0.5096153846153846,0.9782608695652174
CRF28,video67,2353,0.9468763280917977,0.847118022627801,0.9645897786333679,0.8169873031991927,0.965,1.0,0.896551724137931,0.9944506104328524,0.6756756756756757,0.39814814814814814,1.0,1.0,0.9776733254994124,0.9541284403669725,0.9050505050505051,0.9493670886075949,1.0,0.9659090909090909,0.965,0.9776733254994124,0.859504132231405,0.9005025125628141,0.6521739130434783,0.39814814814814814,0.9659090909090909
CRF28,video68,1972,0.8955375253549696,0.8506194454201375,0.8473988912992686,0.7028339512809906,1.0,0.9465558194774347,0.9096045197740112,0.9543726235741445,0.6568627450980392,0.98989898989899,0.4970414201183432,0.5588235294117647,0.9637243047158404,0.9938271604938271,0.9418386491557224,0.9710144927536232,0.5025641025641026,1.0,0.5588235294117647,0.9139908256880734,0.9044943820224719,0.9012567324955116,0.6442307692307693,0.5,0.4970414201183432
CRF28,video69,4575,0.9617486338797814,0.8177691318907355,0.7906228982397376,0.7597526674072272,0.9577464788732394,0.9988165680473373,1.0,0.9537712895377128,0.8636363636363636,0.0,0.9504132231404959,0.9855072463768116,0.9982259018332348,0.814453125,0.9874055415617129,0.7487684729064039,0.0,1.0,0.9444444444444444,0.9970466627288836,0.814453125,0.9423076923076923,0.6696035242290749,0.0,0.9504132231404959
CRF28,video70,1194,0.9262981574539364,0.9001507728005853,0.867386701121277,0.7906488654227842,0.7954545454545454,0.9899396378269618,0.9489795918367347,0.8804071246819338,0.8529411764705882,0.8333333333333334,1.0,1.0,0.9820359281437125,0.93,0.947945205479452,0.9560439560439561,0.4375,0.8181818181818182,0.7954545454545454,0.9723320158102767,0.8857142857142857,0.8398058252427184,0.8207547169811321,0.40229885057471265,0.8181818181818182
CRF28,video71,2515,0.8616302186878728,0.7763198724051322,0.717181518953771,0.6522149111030181,1.0,0.9135234590616376,0.9245283018867925,0.7921182266009852,0.8910256410256411,0.0,0.9130434782608695,0.6111111111111112,0.8240663900414937,0.8032786885245902,0.886438809261301,0.9823321554770318,0.0,0.9130434782608695,0.6111111111111112,0.7644341801385681,0.7538461538461538,0.7191413237924866,0.8769716088328076,0.0,0.84
CRF28,video72,3106,0.8673535093367676,0.8417685482848686,0.8936912138604741,0.7423328474037324,0.979381443298969,0.9116279069767442,0.7724137931034483,1.0,0.6782608695652174,0.5506958250497018,1.0,0.6934306569343066,0.995766299745978,0.9911504424778761,0.7161936560934892,1.0,0.9518900343642611,0.9074074074074074,0.6834532374100719,0.9081081081081082,0.7671232876712328,0.7161936560934892,0.6782608695652174,0.5357833655705996,0.9074074074074074
CRF28,video73,1356,0.9660766961651918,0.951019697559673,0.942571936997077,0.8961585129868438,1.0,0.9782608695652174,0.975,0.9556313993174061,0.7833333333333333,0.9649122807017544,1.0,0.9896907216494846,1.0,0.75,0.975609756097561,1.0,0.9243697478991597,0.9583333333333334,0.9896907216494846,0.9782608695652174,0.7358490566037735,0.9333333333333333,0.7833333333333333,0.8943089430894309,0.9583333333333334
CRF28,video74,1634,0.7876376988984088,0.8358014640749578,0.754653625664866,0.6468430861903556,1.0,0.9320388349514563,1.0,0.7905491698595147,0.9375,0.3181818181818182,0.8723404255319149,0.8390804597701149,0.6956521739130435,0.8217054263565892,0.8755304101838756,0.8823529411764706,0.7777777777777778,0.3904761904761905,0.8390804597701149,0.6620689655172414,0.8217054263565892,0.7106773823191733,0.8333333333333334,0.2916666666666667,0.36936936936936937
CRF28,video75,1923,0.907436297451898,0.7012802237894536,0.7462913459238448,0.62556717399842,1.0,0.7925311203319502,0.56,1.0,0.889763779527559,0.0,0.6666666666666666,0.8442622950819673,1.0,0.75,0.9018456375838926,0.8188405797101449,0.0,0.9090909090909091,0.8442622950819673,0.7925311203319502,0.47191011235955055,0.9018456375838926,0.743421052631579,0.0,0.625
CRF28,video76,2649,0.782559456398641,0.8930079397644354,0.7414959343147384,0.6416919923788055,1.0,0.9674418604651163,0.9651162790697675,0.6613545816733067,0.6571428571428571,1.0,1.0,0.3,0.6753246753246753,0.5424836601307189,0.9851632047477745,1.0,0.6875,1.0,0.3,0.6603174603174603,0.532051282051282,0.6548323471400395,0.6571428571428571,0.6875,1.0
CRF28,video77,2502,0.9288569144684252,0.8647055116743285,0.9073179390367443,0.7748304484008628,0.9927007299270073,0.9335142469470827,0.9572649572649573,0.9730021598272138,0.7227722772277227,1.0,0.47368421052631576,0.7727272727272727,0.9927849927849928,0.8057553956834532,0.9804134929270947,1.0,0.7995444191343963,1.0,0.768361581920904,0.9272237196765498,0.7777777777777778,0.9544491525423728,0.7227722772277227,0.7995444191343963,0.47368421052631576
CRF28,video78,739,0.9052774018944519,0.9105900027515771,0.8455089560846247,0.7738780141230356,1.0,0.9201277955271565,0.7647058823529411,0.9182389937106918,0.8194444444444444,0.9516129032258065,1.0,0.7045454545454546,1.0,0.8125,0.9012345679012346,0.9365079365079365,0.8082191780821918,0.7555555555555555,0.7045454545454546,0.9201277955271565,0.65,0.8342857142857143,0.7763157894736842,0.7763157894736842,0.7555555555555555
CRF28,video79,3414,0.9121265377855887,0.8655744024873703,0.7935164890276746,0.6900026356276563,1.0,0.9840954274353877,0.803680981595092,0.9261565836298933,0.7857142857142857,0.6884057971014492,0.8709677419354839,0.5555555555555556,0.9494884910485933,0.9776119402985075,0.9594470046082949,0.8627450980392157,0.9283387622149837,0.32142857142857145,0.5555555555555556,0.9351385390428212,0.7891566265060241,0.8912671232876712,0.6984126984126984,0.6536697247706422,0.3068181818181818
CRF28,video80,1724,0.8758700696055685,0.8047017801570967,0.7787045419389337,0.6384745656536328,1.0,0.9710578842315369,0.9136690647482014,0.6857923497267759,0.8444444444444444,0.23076923076923078,0.9871794871794872,0.5087719298245614,0.901760889712697,0.9621212121212122,0.9543726235741445,0.8260869565217391,0.6818181818181818,0.616,0.5087719298245614,0.878158844765343,0.8819444444444444,0.6640211640211641,0.7169811320754716,0.20833333333333334,0.6111111111111112
CRF35,video49,1671,0.943147815679234,0.9282805140591847,0.912215334376471,0.847634950273562,1.0,0.9213197969543148,0.921875,0.9618055555555556,0.7941176470588235,0.9766233766233766,0.9222222222222223,0.6666666666666666,0.9577836411609498,0.9365079365079365,0.9568221070811744,0.9310344827586207,0.9715762273901809,0.9651162790697675,0.6666666666666666,0.8853658536585366,0.8676470588235294,0.9217970049916805,0.75,0.9494949494949495,0.8924731182795699
CRF35,video50,1094,0.8784277879341865,0.777242477452923,0.6022973208404518,0.5347959647255043,1.0,0.8844221105527639,0.8846153846153846,0.8794520547945206,0.7922077922077922,0.0,1.0,0.23880597014925373,0.9246935201401051,0.6571428571428571,0.9668674698795181,1.0,0.0,0.42857142857142855,0.23880597014925373,0.825,0.6052631578947368,0.8537234042553191,0.7922077922077922,0.0,0.42857142857142855
CRF35,video51,2944,0.7941576086956522,0.7854142779056874,0.8196385611448918,0.6327473149319472,1.0,0.9837008628954937,0.9704918032786886,0.5514780835881753,0.6690647482014388,0.8743455497382199,0.44881889763779526,0.6638655462184874,0.9087688219663419,0.46835443037974683,0.8986710963455149,1.0,0.893048128342246,0.9047619047619048,0.6638655462184874,0.8952879581151832,0.46177847113884557,0.519193857965451,0.6690647482014388,0.7914691943127962,0.42857142857142855
CRF35,video52,1966,0.9333672431332655,0.8955954899272924,0.9263098946777096,0.8309400238246802,0.970873786407767,0.9005736137667304,0.983739837398374,0.920863309352518,0.7764705882352941,0.9925093632958801,0.7241379310344828,0.9090909090909091,0.9936708860759493,0.7400611620795107,0.9795918367346939,0.9850746268656716,0.9636363636363636,0.9130434782608695,0.8849557522123894,0.8954372623574145,0.7311178247734139,0.9035294117647059,0.7674418604651163,0.9566787003610109,0.6774193548387096
CRF35,video53,3283,0.9034419738044471,0.8076472186220605,0.8683627549640927,0.7017111654226319,1.0,0.9818365287588294,0.8333333333333334,0.9801980198019802,0.25833333333333336,0.8788990825688073,0.7209302325581395,0.7313432835820896,0.8877737226277372,1.0,0.9654913728432108,1.0,0.8050420168067227,0.6888888888888889,0.7313432835820896,0.8734290843806104,0.8333333333333334,0.9470198675496688,0.25833333333333336,0.7246596066565809,0.543859649122807
CRF35,video54,3100,0.8896774193548387,0.9069138320229534,0.8840195715728251,0.7946871495789557,0.991304347826087,0.807351940095303,1.0,0.9970457902511078,0.7087378640776699,0.9795501022494888,0.864406779661017,0.912,0.9991575400168492,0.6615384615384615,0.7409440175631175,1.0,0.9637826961770624,0.9107142857142857,0.9047619047619048,0.8068027210884354,0.6615384615384615,0.7393209200438116,0.7087378640776699,0.9447731755424064,0.796875
CRF35,video55,1037,0.9170684667309547,0.8783777709013115,0.8205141361160616,0.72145436832669,1.0,0.9313131313131313,0.8448275862068966,1.0,0.7605633802816901,0.6119402985074627,1.0,0.8095238095238095,1.0,0.620253164556962,0.9327217125382263,1.0,0.8913043478260869,0.4897959183673469,0.8095238095238095,0.9313131313131313,0.5568181818181818,0.9327217125382263,0.7605633802816901,0.5694444444444444,0.4897959183673469
CRF35,video56,1834,0.8991275899672846,0.8809702369650346,0.8461817311194141,0.7384425597363603,1.0,0.9408602150537635,0.8979591836734694,0.9556541019955654,0.5576923076923077,0.9166666666666666,0.8979591836734694,0.4857142857142857,0.9831460674157303,0.9166666666666666,0.8288461538461539,1.0,0.8461538461538461,0.8627450980392157,0.4857142857142857,0.9259259259259259,0.8301886792452831,0.7981481481481482,0.5576923076923077,0.7857142857142857,0.7857142857142857
CRF35,video57,2632,0.9319908814589666,0.9151828735104933,0.8901423684700849,0.8259219416313519,1.0,0.9766206163655685,0.8333333333333334,0.9097222222222222,0.8602150537634409,0.8333333333333334,0.9930555555555556,0.9241379310344827,0.9377551020408164,0.8375634517766497,0.9913513513513513,0.9876543209876543,0.6643356643356644,0.8881987577639752,0.9241379310344827,0.9171656686626747,0.717391304347826,0.9025590551181102,0.851063829787234,0.5864197530864198,0.8827160493827161
CRF35,video58,5993,0.6674453529117303,0.7188826673846794,0.6995177201284356,0.5070307815650185,1.0,0.96875,0.32356134636264927,0.5198863636363636,0.5471698113207547,0.833922261484099,0.8388888888888889,0.2875,0.5766164747564216,0.4421364985163205,0.9660633484162896,0.9830508474576272,0.8708487084870848,0.7704081632653061,0.2875,0.5660869565217391,0.22976098689282962,0.5105619768832204,0.5420560747663551,0.7421383647798742,0.6711111111111111
CRF35,video59,1046,0.9416826003824091,0.9400399425683271,0.873678107606679,0.8176584951282891,1.0,0.9680170575692963,0.9833333333333333,0.926984126984127,0.9782608695652174,0.7236842105263158,1.0,1.0,1.0,0.7375,1.0,0.6818181818181818,0.9821428571428571,0.7142857142857143,1.0,0.9680170575692963,0.7283950617283951,0.926984126984127,0.6716417910447762,0.7142857142857143,0.7142857142857143
CRF35,video60,2532,0.7954186413902053,0.7637524293802841,0.7338802317556422,0.6030663633207703,1.0,0.9579439252336449,0.9,0.18609022556390978,0.9385964912280702,0.36363636363636365,1.0,0.8390092879256966,0.8070866141732284,0.8571428571428571,0.9339622641509434,0.9907407407407407,0.0425531914893617,0.6666666666666666,0.8390092879256966,0.779467680608365,0.782608695652174,0.1836734693877551,0.9304347826086956,0.039603960396039604,0.6666666666666666
CRF35,video61,4409,0.8961215695168973,0.7930048555743435,0.7396627684421565,0.6013245475769562,1.0,0.8654708520179372,0.864,0.9828451882845188,0.25,0.6153846153846154,0.9733333333333334,0.8191964285714286,1.0,0.5654450261780105,0.918295543393276,1.0,0.11428571428571428,0.7604166666666666,0.8191964285714286,0.8654708520179372,0.5192307692307693,0.9038091573682185,0.25,0.10666666666666667,0.7448979591836735
CRF35,video62,2032,0.937007874015748,0.8917782207623887,0.9144325964319633,0.8248847199533867,1.0,0.9620853080568721,0.7096774193548387,0.9433962264150944,0.8490566037735849,0.883495145631068,0.8947368421052632,1.0,0.9485981308411215,0.9428571428571428,0.9285714285714286,0.8333333333333334,0.9381443298969072,0.8095238095238095,1.0,0.9144144144144144,0.6804123711340206,0.8795669824086604,0.7258064516129032,0.8348623853211009,0.7391304347826086
CRF35,video63,3433,0.832508010486455,0.6470489478556819,0.7871754897231078,0.5149007044859568,1.0,0.9750445632798574,0.42452830188679247,0.9817073170731707,0.6923076923076923,0.26044226044226043,0.1953125,0.5666666666666667,0.9286926994906621,1.0,0.8455142231947483,0.5443548387096774,1.0,0.625,0.5666666666666667,0.9071310116086235,0.42452830188679247,0.8323998276604911,0.4383116883116883,0.26044226044226043,0.17482517482517482
CRF35,video64,2398,0.9107589658048374,0.8917967331918252,0.8876378828072221,0.8012588292873707,0.9242424242424242,1.0,0.8070175438596491,0.8355855855855856,0.8796296296296297,0.8482758620689655,0.9478260869565217,1.0,0.9109848484848485,0.8932038834951457,0.9712041884816754,0.9313725490196079,0.6871508379888268,0.8195488721804511,0.9242424242424242,0.9109848484848485,0.736,0.8153846153846154,0.8260869565217391,0.6119402985074627,0.7841726618705036
CRF35,video65,1873,0.9204484783769354,0.6692302997197731,0.7076292872407132,0.6011769549544014,1.0,0.9702643171806168,0.8524590163934426,1.0,0.5460992907801419,0.0,0.3157894736842105,0.8072289156626506,0.9843575418994414,0.9629629629629629,0.8873517786561265,0.9871794871794872,0.0,0.32432432432432434,0.8072289156626506,0.955531453362256,0.8253968253968254,0.8873517786561265,0.5422535211267606,0.0,0.19047619047619047
CRF35,video66,1824,0.9418859649122807,0.891201108225423,0.8510595580301106,0.7845831412320046,0.8888888888888888,0.9730941704035875,0.9328859060402684,0.9496688741721855,0.8026315789473685,0.704225352112676,0.987012987012987,0.96,1.0,0.86875,0.9862448418156808,0.7349397590361446,0.5813953488372093,0.8260869565217391,0.8571428571428571,0.9730941704035875,0.8176470588235294,0.9372549019607843,0.6224489795918368,0.4672897196261682,0.8172043010752689
CRF35,video67,2353,0.8988525286867828,0.8079755758167454,0.9197788830910072,0.7412159641411623,1.0,0.9908616187989556,0.762962962962963,0.9291005291005291,0.6635514018691588,0.30935251798561153,1.0,0.9637305699481865,0.8918918918918919,0.944954128440367,0.8868686868686869,0.8987341772151899,1.0,0.8522727272727273,0.9637305699481865,0.8846153846153846,0.7304964539007093,0.8306527909176916,0.6173913043478261,0.30935251798561153,0.8522727272727273
CRF35,video68,1972,0.9396551724137931,0.876821835998924,0.9300685893195679,0.812761118109614,0.9423076923076923,0.995049504950495,0.8518518518518519,0.9921568627450981,0.7738095238095238,0.9782608695652174,0.60431654676259,0.9607843137254902,0.9721886336154776,0.9938271604938271,0.949343339587242,0.9420289855072463,0.6923076923076923,1.0,0.9074074074074074,0.9675090252707581,0.8473684210526315,0.9422718808193669,0.7386363636363636,0.6818181818181818,0.60431654676259
CRF35,video69,4575,0.9630601092896175,0.8077329049160838,0.7639495794728212,0.7307890301731745,0.9577464788732394,0.9994079336885732,1.0,0.9698467622343054,0.7715736040609137,0.0,0.9555555555555556,0.9855072463768116,0.9982259018332348,0.87890625,0.9884130982367758,0.7487684729064039,0.0,0.7478260869565218,0.9444444444444444,0.9976359338061466,0.87890625,0.9589442815249267,0.6129032258064516,0.0,0.7226890756302521
CRF35,video70,1194,0.9128978224455612,0.8710779434743756,0.8087126899548532,0.7407892649626804,0.8536585365853658,0.9860557768924303,0.9183673469387755,0.8372641509433962,0.9456521739130435,0.6190476190476191,0.9375,1.0,0.9880239520958084,0.9,0.9726027397260274,0.9560439560439561,0.1625,0.6818181818181818,0.8536585365853658,0.9744094488188977,0.8333333333333334,0.8179723502304147,0.90625,0.14772727272727273,0.6521739130434783
CRF35,video71,2515,0.869582504970179,0.7427797129391394,0.7272032214197851,0.6413141542760987,0.8974358974358975,0.9452449567723343,0.8095238095238095,0.7913461538461538,0.8892405063291139,0.0,0.8666666666666667,0.9722222222222222,0.816597510373444,0.8360655737704918,0.9073869900771775,0.9929328621908127,0.0,0.5652173913043478,0.875,0.7797147385103012,0.6986301369863014,0.7322064056939501,0.8836477987421384,0.0,0.52
CRF35,video72,3106,0.847070186735351,0.8692760820785744,0.8731505351062211,0.7474381295948337,1.0,0.8813432835820896,0.9090909090909091,1.0,0.8333333333333334,0.5,0.9611650485436893,0.6131386861313869,1.0,0.9734513274336283,0.664440734557596,0.9615384615384616,0.9828178694158075,0.9166666666666666,0.6131386861313869,0.8813432835820896,0.8870967741935484,0.664440734557596,0.8064516129032258,0.49566724436741766,0.8839285714285714
CRF35,video73,1356,0.9587020648967551,0.9446728184359368,0.9207292139128126,0.8695340855883743,1.0,0.987460815047022,1.0,0.9102564102564102,0.7758620689655172,0.9391304347826087,1.0,0.9484536082474226,1.0,0.7115384615384616,0.9895470383275261,0.9574468085106383,0.907563025210084,0.9305555555555556,0.9484536082474226,0.987460815047022,0.7115384615384616,0.9015873015873016,0.75,0.8571428571428571,0.9305555555555556
CRF35,video74,1634,0.7931456548347613,0.7992528329963197,0.7013672578603527,0.6301842895565958,1.0,0.9424657534246575,0.9457364341085271,0.8190348525469169,0.9693877551020408,0.15343915343915343,0.7647058823529411,0.6436781609195402,0.8309178743961353,0.9457364341085271,0.8642149929278642,0.9313725490196079,0.32222222222222224,0.37142857142857144,0.6436781609195402,0.7908045977011494,0.8970588235294118,0.7256532066508313,0.9047619047619048,0.116,0.3333333333333333
CRF35,video75,1923,0.9152366094643786,0.7260832716759767,0.702397178429653,0.6131436809268331,1.0,0.8162393162393162,0.5194805194805194,1.0,0.900709219858156,0.0,0.8461538461538461,0.6885245901639344,1.0,0.7142857142857143,0.927013422818792,0.9202898550724637,0.0,0.6666666666666666,0.6885245901639344,0.8162393162393162,0.43010752688172044,0.927013422818792,0.8355263157894737,0.0,0.5945945945945946
CRF35,video76,2649,0.7365043412608532,0.8332474431125008,0.6475982977790823,0.5063480468325339,1.0,0.9548286604361371,0.9739130434782609,0.6301003344481605,0.4011627906976744,0.8727272727272727,1.0,0.06666666666666667,0.6634199134199135,0.4880174291938998,0.9317507418397626,1.0,0.5,0.8833333333333333,0.06666666666666667,0.6432318992654774,0.4817204301075269,0.6023017902813299,0.4011627906976744,0.46601941747572817,0.8833333333333333
CRF35,video77,2502,0.9236610711430855,0.8670605051083117,0.9003421575415478,0.7679970916401652,1.0,0.8998699609882965,0.991304347826087,0.9802631578947368,0.7019230769230769,1.0,0.49606299212598426,0.7159090909090909,0.9985569985569985,0.8201438848920863,0.9727965179542981,1.0,0.7949886104783599,1.0,0.7159090909090909,0.8987012987012987,0.8142857142857143,0.9541088580576307,0.7019230769230769,0.7949886104783599,0.49606299212598426
CRF35,video78,739,0.8335588633288228,0.8306647873724681,0.7293774965823238,0.6216647339714092,1.0,0.9201277955271565,0.7466666666666667,0.7409326424870466,0.7402597402597403,0.7407407407407407,0.9259259259259259,0.6136363636363636,1.0,0.875,0.8827160493827161,0.9047619047619048,0.273972602739726,0.5555555555555556,0.6136363636363636,0.9201277955271565,0.6746987951807228,0.6745283018867925,0.6867469879518072,0.25,0.5319148936170213
CRF35,video79,3414,0.8427065026362038,0.8151581476507188,0.7708852715198827,0.6264757291300287,1.0,0.9905437352245863,0.6074766355140186,0.8012185833968012,0.7628865979381443,0.6481481481481481,0.8958333333333334,0.7592592592592593,0.8037084398976982,0.9701492537313433,0.9695852534562212,0.7254901960784313,0.9120521172638436,0.25595238095238093,0.7592592592592593,0.7975888324873096,0.5963302752293578,0.7815750371471025,0.592,0.6100217864923747,0.24855491329479767
CRF35,video80,1724,0.8561484918793504,0.789943419967506,0.772509871514642,0.6180828206351475,1.0,0.9731127197518097,0.8819444444444444,0.6352357320099256,0.8297872340425532,0.23809523809523808,0.9714285714285714,0.5263157894736842,0.8721037998146431,0.9621212121212122,0.973384030418251,0.8478260869565217,0.6818181818181818,0.544,0.5263157894736842,0.8515837104072398,0.8523489932885906,0.624390243902439,0.7222222222222222,0.21428571428571427,0.5354330708661418
CRF51,video49,1671,0.8773189706762418,0.837611081891591,0.8549051271874619,0.7140028504369909,1.0,0.8818443804034583,0.6707317073170732,0.9071310116086235,0.7864077669902912,0.9606741573033708,0.6564885496183206,0.5444444444444444,0.8073878627968337,0.873015873015873,0.9447322970639033,0.9310344827586207,0.8837209302325582,1.0,0.5444444444444444,0.7285714285714285,0.6111111111111112,0.8614173228346457,0.7431192660550459,0.8528678304239401,0.6564885496183206
CRF51,video50,1094,0.5941499085923218,0.5816594439451404,0.44906900082901435,0.3370480934980242,1.0,0.8395522388059702,0.0,0.4628330995792426,0.7692307692307693,0.0,1.0,0.34328358208955223,0.39404553415061294,0.0,0.9939759036144579,0.9836065573770492,0.0,0.42857142857142855,0.34328358208955223,0.36644951140065146,0.0,0.46153846153846156,0.759493670886076,0.0,0.42857142857142855
CRF51,video51,2944,0.6922554347826086,0.8135475434806055,0.7871967301685758,0.6292524042898843,1.0,0.9720605355064028,0.9285714285714286,0.4201550387596899,0.7022900763358778,0.6717557251908397,1.0,0.9453781512605042,0.7395925597874224,0.185126582278481,0.9003322259136213,0.989247311827957,0.9411764705882353,0.8095238095238095,0.9453781512605042,0.7241977450130095,0.18252730109204368,0.4014814814814815,0.696969696969697,0.6446886446886447,0.8095238095238095
CRF51,video52,1966,0.9465920651068158,0.92443039903498,0.9507635321416853,0.8784009126388603,0.9821428571428571,0.9181286549707602,0.9810606060606061,0.9359605911330049,0.7444444444444445,0.9943820224719101,0.9148936170212766,1.0,0.9936708860759493,0.7920489296636085,0.9693877551020408,1.0,0.9654545454545455,0.9347826086956522,0.9821428571428571,0.9127906976744186,0.7801204819277109,0.9090909090909091,0.7444444444444445,0.9602169981916817,0.86
CRF51,video53,3283,0.8906487968321657,0.7546171702584836,0.8474928426130672,0.6497351191882121,1.0,0.9798301486199575,0.6307692307692307,0.9832953682611997,0.2767857142857143,0.8464223385689355,0.5652173913043478,0.7611940298507462,0.8421532846715328,0.9647058823529412,0.9714928732183046,1.0,0.8151260504201681,0.5777777777777777,0.7611940298507462,0.8278026905829596,0.6165413533834586,0.955719557195572,0.2767857142857143,0.7101024890190337,0.4
CRF51,video54,3100,0.9174193548387096,0.8859074402198261,0.7973384610863092,0.6929023548382415,1.0,0.8798219584569733,0.9375,0.9988465974625144,0.7156862745098039,0.9856262833675564,0.6838709677419355,0.104,0.9991575400168492,0.6153846153846154,0.9506037321624589,1.0,0.96579476861167,0.9464285714285714,0.104,0.8791697553743514,0.5911330049261084,0.9495614035087719,0.7156862745098039,0.9523809523809523,0.6583850931677019
CRF51,video55,1037,0.9083895853423336,0.875742925761576,0.8237747607065569,0.7363944833617461,1.0,0.900390625,0.7894736842105263,0.9967105263157895,0.782608695652174,0.6610169491525424,1.0,0.8571428571428571,1.0,0.379746835443038,0.926605504587156,1.0,0.8478260869565217,0.7551020408163265,0.8571428571428571,0.900390625,0.3448275862068966,0.9237804878048781,0.782608695652174,0.5909090909090909,0.7551020408163265
CRF51,video56,1834,0.8931297709923665,0.8616465336487946,0.8098261646923247,0.6871840572925825,1.0,0.9260823653643083,0.8103448275862069,0.984375,0.5686274509803921,0.8446601941747572,0.8974358974358975,0.3333333333333333,0.9853932584269663,0.9791666666666666,0.8480769230769231,1.0,0.8365384615384616,0.6862745098039216,0.3333333333333333,0.9135416666666667,0.7966101694915254,0.8368121442125237,0.5686274509803921,0.725,0.6363636363636364
CRF51,video57,2632,0.6998480243161094,0.7449367444720548,0.7120417157709265,0.5333690095720229,0.9852941176470589,0.8538899430740038,0.6360153256704981,0.6383601756954612,0.5,0.7850467289719626,0.8159509202453987,0.46206896551724136,0.45918367346938777,0.8426395939086294,0.9427027027027027,0.8641975308641975,0.5874125874125874,0.8260869565217391,0.4589041095890411,0.42573320719016083,0.5684931506849316,0.6145172656800564,0.46357615894039733,0.5060240963855421,0.6963350785340314
CRF51,video58,5993,0.5750041715334557,0.507590585712095,0.603106359137171,0.37453355932876053,0.2,0.9645314981471678,0.05555555555555555,0.36372007366482506,0.236,0.8609865470852018,0.8723404255319149,0.2375,0.5379391792146442,0.00741839762611276,0.8936651583710408,1.0,0.7084870848708487,0.8367346938775511,0.12179487179487179,0.527504342790967,0.006587615283267457,0.34863195057369817,0.236,0.6357615894039735,0.7454545454545455
CRF51,video59,1046,0.9464627151051626,0.9356891217719544,0.8844829917418001,0.8321674368571835,0.9696969696969697,0.9741935483870968,0.9206349206349206,0.9265175718849841,0.9433962264150944,0.8153846153846154,1.0,0.9142857142857143,0.9977973568281938,0.725,0.9931506849315068,0.7575757575757576,0.9464285714285714,0.8571428571428571,0.8888888888888888,0.9721030042918455,0.6823529411764706,0.9206349206349206,0.7246376811594203,0.7794117647058824,0.8571428571428571
CRF51,video60,2532,0.6611374407582938,0.6395065312089357,0.678600830909749,0.4675785938310038,1.0,0.9324215607401448,0.7111111111111111,0.18762088974854932,0.5220588235294118,0.12333333333333334,1.0,0.6780185758513931,0.6518560179977503,0.7619047619047619,0.9150943396226415,0.6574074074074074,0.39361702127659576,0.6923076923076923,0.6780185758513931,0.6224489795918368,0.5818181818181818,0.1844106463878327,0.41040462427745666,0.10364145658263306,0.6923076923076923
CRF51,video61,4409,0.8555227942844182,0.7013437671662361,0.7016472110817134,0.5438540344471009,1.0,0.8246235606731621,0.3333333333333333,0.9206721375537319,0.29454545454545455,0.5362318840579711,1.0,0.6272321428571429,0.9647668393782384,0.02617801047120419,0.9210320562939797,1.0,0.5285714285714286,0.84375,0.6272321428571429,0.8005159071367154,0.024875621890547265,0.8533140166606302,0.29454545454545455,0.3627450980392157,0.84375
CRF51,video62,2032,0.8626968503937008,0.877249977311512,0.9292370204764737,0.817893632397469,1.0,1.0,0.92,0.7418655097613883,0.8301886792452831,0.808695652173913,0.84,1.0,0.7682242990654206,0.9857142857142858,0.9771428571428571,0.8148148148148148,0.9587628865979382,1.0,1.0,0.7682242990654206,0.9078947368421053,0.7292110874200426,0.6984126984126984,0.7815126050420168,0.84
CRF51,video63,3433,0.6653073113894553,0.590703335253287,0.6663445436698684,0.42665573886903424,0.8686868686868687,1.0,0.7142857142857143,0.9184272300469484,0.3888888888888889,0.11842105263157894,0.1262135922330097,0.7166666666666667,0.7317487266553481,0.7777777777777778,0.6849015317286652,0.1693548387096774,0.9339622641509434,0.65,0.6466165413533834,0.7317487266553481,0.5932203389830508,0.6456270627062707,0.1337579617834395,0.11743772241992882,0.11818181818181818
CRF51,video64,2398,0.7093411175979983,0.7174580044713644,0.7136242090734012,0.5415954394424077,0.6630434782608695,1.0,0.4,0.5506072874493927,0.49214659685863876,0.924812030075188,0.9915966386554622,1.0,0.5899621212121212,0.019417475728155338,0.8900523560209425,0.9215686274509803,0.6871508379888268,0.8872180451127819,0.6630434782608695,0.5899621212121212,0.018867924528301886,0.5155420773313116,0.4723618090452261,0.6507936507936508,0.8805970149253731
CRF51,video65,1873,0.9033635878270155,0.7052524130163882,0.801827228681354,0.6588651613351123,1.0,0.9751552795031055,0.481981981981982,1.0,0.6574074074074074,0.0,0.8222222222222222,0.9196787148594378,0.8770949720670391,0.9907407407407407,0.9150197628458498,0.9102564102564102,0.0,1.0,0.9196787148594378,0.8579234972677595,0.4798206278026906,0.9150197628458498,0.6173913043478261,0.0,0.8222222222222222
CRF51,video66,1824,0.8601973684210527,0.8051559579145579,0.7178557778284945,0.6379889979275619,1.0,0.8043202033036849,0.5652173913043478,0.9518072289156626,0.6595744680851063,0.6666666666666666,0.9885057471264368,0.8,0.9723502304147466,0.08125,0.9779917469050894,0.7469879518072289,0.5116279069767442,0.9347826086956522,0.8,0.7863354037267081,0.07647058823529412,0.9318479685452162,0.5391304347826087,0.4074074074074074,0.9247311827956989
CRF51,video67,2353,0.8223544411389715,0.7501430447140647,0.7942398053275527,0.6258636378486454,1.0,0.9608865710560626,0.9736842105263158,0.8576086956521739,0.5876288659793815,0.13615023474178403,0.7350427350427351,0.844559585492228,0.8660399529964747,0.6788990825688074,0.796969696969697,0.7215189873417721,0.6744186046511628,0.9772727272727273,0.844559585492228,0.8365493757094211,0.6666666666666666,0.703835860838537,0.4789915966386555,0.1277533039647577,0.7226890756302521
CRF51,video68,1972,0.8919878296146044,0.838693576249424,0.8578779282587435,0.7056747212034182,1.0,0.9584352078239609,0.9137931034482759,0.9421641791044776,0.6126126126126126,0.9468085106382979,0.4970414201183432,0.6862745098039216,0.9480048367593712,0.9814814814814815,0.9474671669793621,0.9855072463768116,0.4564102564102564,1.0,0.6862745098039216,0.9105691056910569,0.8983050847457628,0.8953900709219859,0.6071428571428571,0.445,0.4970414201183432
CRF51,video69,4575,0.8299453551912568,0.7765900939117337,0.5975070906193667,0.5365930341234747,1.0,0.9827012641383899,1.0,0.7557549746390948,0.6976744186046512,0.0,1.0,0.6231884057971014,0.8734476641040805,0.197265625,0.9758186397984887,0.7389162561576355,0.0,0.7739130434782608,0.6231884057971014,0.860221316249272,0.197265625,0.7418613558023746,0.5597014925373134,0.0,0.7739130434782608
CRF51,video70,1194,0.8408710217755444,0.8537034245573036,0.7537201405139111,0.6254400156725587,0.7608695652173914,0.9297912713472486,1.0,0.8405797101449275,0.5144508670520231,0.9302325581395349,1.0,1.0,0.9780439121756487,0.48,0.7945205479452054,0.978021978021978,0.5,0.5454545454545454,0.7608695652173914,0.9107806691449815,0.48,0.6904761904761905,0.5085714285714286,0.4819277108433735,0.5454545454545454
CRF51,video71,2515,0.8115308151093439,0.7033100055443767,0.49737454626269084,0.4214098574183542,1.0,0.9743589743589743,0.5,0.721297836938436,0.7275132275132276,0.0,1.0,0.3611111111111111,0.725311203319502,0.03278688524590164,0.9558985667034179,0.9717314487632509,0.0,0.43478260869565216,0.3611111111111111,0.7117263843648208,0.031746031746031744,0.6980676328502415,0.7124352331606217,0.0,0.43478260869565216
CRF51,video72,3106,0.8316162266580811,0.7874894019231194,0.8833920543852782,0.6943476950852708,0.8449612403100775,0.9667300380228137,0.5120772946859904,0.9241164241164241,0.7551020408163265,0.5196428571428572,0.9897959183673469,0.7956204379562044,0.8611346316680779,0.9380530973451328,0.7420701168614358,0.9487179487179487,1.0,0.8981481481481481,0.6942675159235668,0.8363486842105263,0.4953271028037383,0.6994492525570417,0.7254901960784313,0.5196428571428572,0.8899082568807339
CRF51,video73,1356,0.9734513274336283,0.959884251638635,0.9476145448418524,0.9101012587357185,1.0,0.9858934169278997,0.9787234042553191,0.9693877551020408,0.8518518518518519,0.9333333333333333,1.0,0.9484536082474226,0.9984126984126984,0.8846153846153846,0.9930313588850174,0.9787234042553191,0.9411764705882353,0.8888888888888888,0.9484536082474226,0.9843505477308294,0.8679245283018868,0.9628378378378378,0.8363636363636363,0.8818897637795275,0.8888888888888888
CRF51,video74,1634,0.5336597307221542,0.7326497018249845,0.6301678013004024,0.48200178384294395,1.0,0.9327731092436975,0.9152542372881356,0.6096033402922756,1.0,0.13758389261744966,0.5333333333333333,0.5287356321839081,0.5362318840579711,0.8372093023255814,0.413012729844413,0.803921568627451,0.9111111111111111,0.38095238095238093,0.5287356321839081,0.5162790697674419,0.7769784172661871,0.32662192393736017,0.803921568627451,0.1357615894039735,0.2857142857142857
CRF51,video75,1923,0.9443577743109725,0.7885693155551783,0.7442286563999795,0.6888856695239038,1.0,0.880184331797235,0.7796610169491526,1.0,0.8601398601398601,0.0,1.0,0.7459016393442623,1.0,0.8214285714285714,0.9630872483221476,0.8913043478260869,0.0,0.7878787878787878,0.7459016393442623,0.880184331797235,0.6666666666666666,0.9630872483221476,0.7784810126582279,0.0,0.7878787878787878
CRF51,video76,2649,0.676481691204228,0.8129585282442818,0.6312453545995924,0.5062396757031328,1.0,0.9603960396039604,0.6333333333333333,0.564652738565782,0.5948275862068966,0.9375,1.0,0.2,0.6298701298701299,0.04139433551198257,0.9891196834817013,1.0,0.625,0.9333333333333333,0.2,0.6139240506329114,0.04042553191489362,0.5611672278338945,0.5948275862068966,0.6,0.9333333333333333
CRF51,video77,2502,0.9324540367705836,0.8874424660705278,0.8990813680434125,0.7865563665259899,1.0,0.9035202086049544,1.0,0.9848812095032398,0.8390804597701149,1.0,0.4846153846153846,0.6136363636363636,1.0,0.8561151079136691,0.9923830250272034,1.0,0.8314350797266514,1.0,0.6136363636363636,0.9035202086049544,0.8561151079136691,0.977491961414791,0.8390804597701149,0.8314350797266514,0.4846153846153846
CRF51,video78,739,0.8484438430311232,0.8553279660045515,0.7701492587948884,0.6625372139046098,1.0,0.9251700680272109,0.7654320987654321,0.7771739130434783,0.7746478873239436,0.7833333333333333,0.9615384615384616,0.5227272727272727,0.9444444444444444,0.96875,0.8827160493827161,0.873015873015873,0.6438356164383562,0.5555555555555556,0.5227272727272727,0.8774193548387097,0.7469879518072289,0.7044334975369458,0.6962025316455697,0.5465116279069767,0.5434782608695652
CRF51,video79,3414,0.7448740480374927,0.7773037744713257,0.7340033305793313,0.5548914709567389,1.0,0.9838546922300706,0.6403940886699507,0.6463805253042921,0.5869565217391305,0.6027713625866051,0.9807692307692307,0.6666666666666666,0.6234015345268542,0.9701492537313433,0.9299539170506912,0.7941176470588235,0.8501628664495114,0.30357142857142855,0.6666666666666666,0.6170886075949367,0.6280193236714976,0.6163714111178986,0.5094339622641509,0.5448851774530271,0.30177514792899407
CRF51,video80,1724,0.6937354988399071,0.7104685976985167,0.6827090981164724,0.5039200588812383,1.0,0.9788434414668548,0.9294117647058824,0.37920937042459735,0.5633802816901409,0.13559322033898305,0.9868421052631579,0.7192982456140351,0.6431881371640408,0.5984848484848485,0.9847908745247148,0.8695652173913043,0.36363636363636365,0.6,0.7192982456140351,0.6343692870201096,0.572463768115942,0.37700145560407566,0.5194805194805194,0.1095890410958904,0.5952380952380952
